-- MySqlBackup.NET 2.0.4
-- Dump Time: 2022-08-21 11:02:52
-- --------------------------------------
-- Server version 10.4.17-MariaDB mariadb.org binary distribution


/*!40101 SET @OLD_CHARACTER_SET_CLIENT=@@CHARACTER_SET_CLIENT */;
/*!40101 SET @OLD_CHARACTER_SET_RESULTS=@@CHARACTER_SET_RESULTS */;
/*!40101 SET @OLD_COLLATION_CONNECTION=@@COLLATION_CONNECTION */;
/*!40101 SET NAMES utf8mb4 */;
/*!40014 SET @OLD_UNIQUE_CHECKS=@@UNIQUE_CHECKS, UNIQUE_CHECKS=0 */;
/*!40014 SET @OLD_FOREIGN_KEY_CHECKS=@@FOREIGN_KEY_CHECKS, FOREIGN_KEY_CHECKS=0 */;
/*!40101 SET @OLD_SQL_MODE=@@SQL_MODE, SQL_MODE='NO_AUTO_VALUE_ON_ZERO' */;
/*!40111 SET @OLD_SQL_NOTES=@@SQL_NOTES, SQL_NOTES=0 */;


-- 
-- Definition of tblcart
-- 

DROP TABLE IF EXISTS `tblcart`;
CREATE TABLE IF NOT EXISTS `tblcart` (
  `invoiceno` varchar(255) NOT NULL,
  `pcode` varchar(255) NOT NULL,
  `pname` varchar(255) NOT NULL,
  `price` decimal(10,2) NOT NULL,
  `qty` int(11) NOT NULL,
  `total` decimal(10,2) NOT NULL,
  `user` varchar(50) NOT NULL,
  `status` varchar(20) NOT NULL,
  `date` varchar(50) NOT NULL
) ENGINE=InnoDB DEFAULT CHARSET=latin1;

-- 
-- Dumping data for table tblcart
-- 

/*!40000 ALTER TABLE `tblcart` DISABLE KEYS */;
INSERT INTO `tblcart`(`invoiceno`,`pcode`,`pname`,`price`,`qty`,`total`,`user`,`status`,`date`) VALUES
('IVC20211228V85951','P-0655108','PEAK MILK REFILL',500.00,2,1000.00,'Temidayo','COMPLETED','12/28/2021'),
('IVC20211228V85951','P-12415797','PEAK MILK TIN',220.00,2,440.00,'Temidayo','COMPLETED','12/28/2021'),
('IVC20211228V85951','P-25252720','BAKING SODA',180.00,1,180.00,'Temidayo','COMPLETED','12/28/2021'),
('IVC20211228V85951','P-42232199','LUX SOAP',120.00,2,240.00,'Temidayo','COMPLETED','12/28/2021'),
('IVC20211228V85951','P-59447964','COCA COLA 50CL',80.00,2,160.00,'Temidayo','COMPLETED','12/28/2021'),
('IVC20211228V85951','P-65948223','BLACK SOAP',500.00,3,1500.00,'Temidayo','COMPLETED','12/28/2021'),
('IVC20211228V85951','P-98695671','40 LEAVES NOTEBOOK',60.00,1,60.00,'Temidayo','COMPLETED','12/28/2021'),
('IVC20211228T76525','P-35948504','PEPSI 50CL',120.00,5,600.00,'Pelumi','COMPLETED','12/28/2021'),
('IVC20211228T76525','P-98695671','40 LEAVES NOTEBOOK',60.00,5,300.00,'Pelumi','COMPLETED','12/28/2021'),
('IVC20211228T76525','P-65948223','BLACK SOAP',500.00,3,1500.00,'Pelumi','COMPLETED','12/28/2021'),
('IVC20211228T76525','P-59447964','COCA COLA 50CL',80.00,5,400.00,'Pelumi','COMPLETED','12/28/2021'),
('IVC20211228T76525','P-42232199','LUX SOAP',120.00,3,360.00,'Pelumi','COMPLETED','12/28/2021'),
('IVC20211228T76525','P-25252720','BAKING SODA',180.00,7,1260.00,'Pelumi','COMPLETED','12/28/2021'),
('IVC20211228T76525','P-12415797','PEAK MILK TIN',220.00,2,440.00,'Pelumi','COMPLETED','12/28/2021'),
('IVC20211228T76525','P-0655108','PEAK MILK REFILL',500.00,3,1500.00,'Pelumi','COMPLETED','12/28/2021'),
('IVC20211228N52056','P-0655108','PEAK MILK REFILL',500.00,1,500.00,'Cashier1','COMPLETED','12/28/2021'),
('IVC20211228N52056','P-12415797','PEAK MILK TIN',220.00,2,440.00,'Cashier1','COMPLETED','12/28/2021'),
('IVC20211228N52056','P-25252720','BAKING SODA',180.00,5,900.00,'Cashier1','COMPLETED','12/28/2021'),
('IVC20211228N52056','P-42232199','LUX SOAP',120.00,1,120.00,'Cashier1','COMPLETED','12/28/2021'),
('IVC20211228N52056','P-59447964','COCA COLA 50CL',80.00,1,80.00,'Cashier1','COMPLETED','12/28/2021'),
('IVC20211228N52056','P-65948223','BLACK SOAP',500.00,3,1500.00,'Cashier1','COMPLETED','12/28/2021'),
('IVC20211228X92723','P-0655108','PEAK MILK REFILL',500.00,2,1000.00,'Cashier1','COMPLETED','12/28/2021'),
('IVC20211228X92723','P-12415797','PEAK MILK TIN',220.00,3,660.00,'Cashier1','COMPLETED','12/28/2021'),
('IVC20211228X92723','P-42232199','LUX SOAP',120.00,2,240.00,'Cashier1','COMPLETED','12/28/2021'),
('IVC20211228X92723','P-59447964','COCA COLA 50CL',80.00,2,160.00,'Cashier1','COMPLETED','12/28/2021'),
('IVC2022113I35297','P-0655108','PEAK MILK REFILL',600.00,1,600.00,'Temidayo','COMPLETED','1/13/2022'),
('IVC2022113I35297','P-25252720','BAKING SODA',200.00,5,1000.00,'Temidayo','COMPLETED','1/13/2022'),
('IVC2022113I35297','P-42232199','LUX SOAP',120.00,5,600.00,'Temidayo','COMPLETED','1/13/2022'),
('IVC2022113I35297','P-59447964','COCA COLA 50CL',70.00,2,140.00,'Temidayo','COMPLETED','1/13/2022'),
('IVC2022113I35297','P-65948223','BLACK SOAP',400.00,2,800.00,'Temidayo','COMPLETED','1/13/2022'),
('IVC2022113I35297','P-98695671','40 LEAVES NOTEBOOK',50.00,10,500.00,'Temidayo','COMPLETED','1/13/2022'),
('IVC2022113I35297','P-35948504','PEPSI 50CL',100.00,20,2000.00,'Temidayo','COMPLETED','1/13/2022'),
('IVC2022113I35297','P-12415797','PEAK MILK TIN',250.00,10,2500.00,'Temidayo','COMPLETED','1/13/2022'),
('IVC2022114O57687','P-0655108','PEAK MILK REFILL',600.00,1,600.00,'Temidayo','COMPLETED','1/14/2022'),
('IVC2022114O57687','P-25252720','BAKING SODA',200.00,2,400.00,'Temidayo','COMPLETED','1/14/2022'),
('IVC2022114O57687','P-42232199','LUX SOAP',120.00,4,480.00,'Temidayo','COMPLETED','1/14/2022'),
('IVC2022114O57687','P-59447964','COCA COLA 50CL',70.00,5,350.00,'Temidayo','COMPLETED','1/14/2022'),
('IVC2022114O57687','P-65948223','BLACK SOAP',400.00,2,800.00,'Temidayo','COMPLETED','1/14/2022'),
('IVC2022114D14665','P-0655108','PEAK MILK REFILL',600.00,2,1200.00,'Temidayo','COMPLETED','1/14/2022'),
('IVC2022114D14665','P-25252720','BAKING SODA',200.00,1,200.00,'Temidayo','COMPLETED','1/14/2022'),
('IVC2022114D14665','P-59447964','COCA COLA 50CL',70.00,5,350.00,'Temidayo','COMPLETED','1/14/2022'),
('IVC2022120W91369','P-0655108','PEAK MILK REFILL',600.00,1,600.00,'Temidayo','COMPLETED','1/20/2022'),
('IVC2022120W91369','P-12415797','PEAK MILK TIN',250.00,1,250.00,'Temidayo','COMPLETED','1/20/2022'),
('IVC2022120W91369','P-25252720','BAKING SODA',200.00,1,200.00,'Temidayo','COMPLETED','1/20/2022'),
('IVC2022120W91369','P-42232199','LUX SOAP',120.00,1,120.00,'Temidayo','COMPLETED','1/20/2022'),
('IVC2022120I33089','P-35948504','PEPSI 50CL',100.00,1,100.00,'Temidayo','COMPLETED','1/20/2022'),
('IVC2022120I33089','P-98695671','40 LEAVES NOTEBOOK',50.00,2,100.00,'Temidayo','COMPLETED','1/20/2022'),
('IVC2022120I33089','P-65948223','BLACK SOAP',400.00,1,400.00,'Temidayo','COMPLETED','1/20/2022'),
('IVC2022120I33089','P-59447964','COCA COLA 50CL',70.00,2,140.00,'Temidayo','COMPLETED','1/20/2022'),
('IVC2022120I33089','P-42232199','LUX SOAP',120.00,3,360.00,'Temidayo','COMPLETED','1/20/2022'),
('IVC2022120I33089','P-25252720','BAKING SODA',200.00,1,200.00,'Temidayo','COMPLETED','1/20/2022'),
('IVC2022120I33089','P-12415797','PEAK MILK TIN',250.00,2,500.00,'Temidayo','COMPLETED','1/20/2022'),
('IVC2022120I33089','P-0655108','PEAK MILK REFILL',600.00,2,1200.00,'Temidayo','COMPLETED','1/20/2022'),
('IVC2022120A2693','P-0655108','PEAK MILK REFILL',600.00,2,1200.00,'Temidayo','COMPLETED','1/20/2022'),
('IVC2022120A2693','P-12415797','PEAK MILK TIN',250.00,2,500.00,'Temidayo','COMPLETED','1/20/2022'),
('IVC2022120A2693','P-59447964','COCA COLA 50CL',70.00,5,350.00,'Temidayo','COMPLETED','1/20/2022'),
('IVC2022214X95117','P-0655108','PEAK MILK REFILL',600.00,2,1200.00,'Temidayo','COMPLETED','2/14/2022'),
('IVC2022214X95117','P-12415797','PEAK MILK TIN',250.00,2,500.00,'Temidayo','COMPLETED','2/14/2022'),
('IVC2022214X95117','P-25252720','BAKING SODA',200.00,1,200.00,'Temidayo','COMPLETED','2/14/2022'),
('IVC2022214X95117','P-65948223','BLACK SOAP',400.00,2,800.00,'Temidayo','COMPLETED','2/14/2022'),
('IVC2022214X95117','P-35948504','PEPSI 50CL',100.00,3,300.00,'Temidayo','COMPLETED','2/14/2022'),
('IVC2022227P62560','P-0655108','PEAK MILK REFILL',600.00,2,1200.00,'Temidayo','COMPLETED','2/27/2022'),
('IVC2022227P62560','P-12415797','PEAK MILK TIN',250.00,2,500.00,'Temidayo','COMPLETED','2/27/2022'),
('IVC2022227P62560','P-25252720','BAKING SODA',200.00,2,400.00,'Temidayo','COMPLETED','2/27/2022'),
('IVC2022227P62560','P-42232199','LUX SOAP',120.00,5,600.00,'Temidayo','COMPLETED','2/27/2022'),
('IVC2022227P62560','P-59447964','COCA COLA 50CL',70.00,2,140.00,'Temidayo','COMPLETED','2/27/2022'),
('IVC2022227P62560','P-65948223','BLACK SOAP',400.00,3,1200.00,'Temidayo','COMPLETED','2/27/2022'),
('IVC2022227P62560','P-98695671','40 LEAVES NOTEBOOK',50.00,4,200.00,'Temidayo','COMPLETED','2/27/2022'),
('IVC2022227P62560','P-35948504','PEPSI 50CL',100.00,4,400.00,'Temidayo','COMPLETED','2/27/2022'),
('IVC2022227I32583','P-35948504','PEPSI 50CL',100.00,5,500.00,'Temidayo','COMPLETED','2/27/2022'),
('IVC2022227B6721','P-35948504','PEPSI 50CL',100.00,5,500.00,'Pelumi','COMPLETED','2/27/2022'),
('IVC2022227B6721','P-0655108','PEAK MILK REFILL',600.00,2,1200.00,'Pelumi','COMPLETED','2/27/2022'),
('IVC2022227B6721','P-12415797','PEAK MILK TIN',250.00,5,1250.00,'Pelumi','COMPLETED','2/27/2022'),
('IVC2022227B6721','P-25252720','BAKING SODA',200.00,5,1000.00,'Pelumi','COMPLETED','2/27/2022'),
('IVC2022227B6721','P-42232199','LUX SOAP',120.00,4,480.00,'Pelumi','COMPLETED','2/27/2022'),
('IVC2022227B6721','P-59447964','COCA COLA 50CL',70.00,3,210.00,'Pelumi','COMPLETED','2/27/2022'),
('IVC2022227B6721','P-65948223','BLACK SOAP',400.00,3,1200.00,'Pelumi','COMPLETED','2/27/2022'),
('IVC202237D15601','P-0655108','PEAK MILK REFILL',600.00,4,2400.00,'Temidayo','COMPLETED','3/7/2022'),
('IVC202237D15601','P-12415797','PEAK MILK TIN',250.00,2,500.00,'Temidayo','COMPLETED','3/7/2022'),
('IVC202237D15601','P-25252720','BAKING SODA',200.00,2,400.00,'Temidayo','COMPLETED','3/7/2022'),
('IVC202237D15601','P-42232199','LUX SOAP',120.00,1,120.00,'Temidayo','COMPLETED','3/7/2022'),
('IVC2022310M51156','P-0655108','PEAK MILK REFILL',600.00,3,1800.00,'Temidayo','COMPLETED','3/10/2022'),
('IVC2022310M51156','P-25252720','BAKING SODA',200.00,2,400.00,'Temidayo','COMPLETED','3/10/2022'),
('IVC2022310M51156','P-42232199','LUX SOAP',120.00,2,240.00,'Temidayo','COMPLETED','3/10/2022'),
('IVC2022524H29448','P-106870491','TEST PRODUCT',150.00,3,450.00,'Temidayo','COMPLETED','5/24/2022'),
('IVC2022524H29448','P-0655108','PEAK MILK REFILL',600.00,3,1800.00,'Temidayo','COMPLETED','5/24/2022'),
('IVC2022524H29448','P-12415797','PEAK MILK TIN',250.00,4,1000.00,'Temidayo','COMPLETED','5/24/2022'),
('IVC2022524H29448','P-25252720','BAKING SODA',200.00,4,800.00,'Temidayo','COMPLETED','5/24/2022'),
('IVC2022524H29448','P-35948504','PEPSI 50CL',100.00,3,300.00,'Temidayo','COMPLETED','5/24/2022'),
('IVC2022524H29448','P-42232199','LUX SOAP',120.00,5,600.00,'Temidayo','COMPLETED','5/24/2022'),
('IVC2022524H29448','P-59447964','COCA COLA 50CL',70.00,4,280.00,'Temidayo','COMPLETED','5/24/2022'),
('IVC2022524H29448','P-65948223','BLACK SOAP',400.00,2,800.00,'Temidayo','COMPLETED','5/24/2022'),
('IVC2022524H29448','P-98695671','40 LEAVES NOTEBOOK',50.00,5,250.00,'Temidayo','COMPLETED','5/24/2022'),
('IVC2022524E17160','P-59447964','COCA COLA 50CL',70.00,1,70.00,'Temidayo','COMPLETED','5/24/2022');
/*!40000 ALTER TABLE `tblcart` ENABLE KEYS */;

-- 
-- Definition of tblcategory
-- 

DROP TABLE IF EXISTS `tblcategory`;
CREATE TABLE IF NOT EXISTS `tblcategory` (
  `name` varchar(50) NOT NULL,
  PRIMARY KEY (`name`)
) ENGINE=InnoDB DEFAULT CHARSET=latin1;

-- 
-- Dumping data for table tblcategory
-- 

/*!40000 ALTER TABLE `tblcategory` DISABLE KEYS */;
INSERT INTO `tblcategory`(`name`) VALUES
('BEER'),
('BEVERAGES'),
('BOOKS'),
('COOKING OIL'),
('CREAM'),
('DRINKS'),
('ENERGY DRINKS'),
('EXERCISE BOOK'),
('MILK REFILL'),
('MILK SACHET'),
('MILK TIN'),
('OTHERS'),
('SOFT DRINKS'),
('TOMATO PASTE'),
('WINE'),
('YOGHURT');
/*!40000 ALTER TABLE `tblcategory` ENABLE KEYS */;

-- 
-- Definition of tbllogs
-- 

DROP TABLE IF EXISTS `tbllogs`;
CREATE TABLE IF NOT EXISTS `tbllogs` (
  `username` varchar(50) NOT NULL,
  `date` varchar(50) NOT NULL,
  `login` varchar(50) NOT NULL,
  `logout` varchar(50) NOT NULL
) ENGINE=InnoDB DEFAULT CHARSET=latin1;

-- 
-- Dumping data for table tbllogs
-- 

/*!40000 ALTER TABLE `tbllogs` DISABLE KEYS */;
INSERT INTO `tbllogs`(`username`,`date`,`login`,`logout`) VALUES
('Afolabi','Sunday, October 03, 2021','9:38 PM','10:19 PM'),
('Afolabi','Sunday, October 03, 2021','9:45 PM','10:19 PM'),
('Afolabi','Sunday, October 03, 2021','9:47 PM','10:19 PM'),
('Temidayo','Sunday, October 03, 2021','9:49 PM','10:09 PM'),
('Afolabi','Sunday, October 03, 2021','9:50 PM','10:19 PM'),
('Cashier','Sunday, October 03, 2021','9:55 PM',''),
('Temidayo','Sunday, October 03, 2021','10:08 PM','10:09 PM'),
('Afolabi','Sunday, October 03, 2021','10:09 PM','10:19 PM'),
('Albert','Sunday, October 03, 2021','10:11 PM','10:11 PM'),
('Pelumi','Sunday, October 03, 2021','10:12 PM','10:16 PM'),
('Pelumi','Sunday, October 03, 2021','10:15 PM','10:16 PM'),
('Afolabi','Sunday, October 03, 2021','10:17 PM','10:19 PM'),
('Temidayo','Saturday, October 16, 2021','9:04 PM','10:09 PM'),
('Afolabi','Saturday, October 16, 2021','9:05 PM','9:23 PM'),
('Temidayo','Saturday, October 16, 2021','9:20 PM','10:09 PM'),
('Temidayo','Saturday, October 16, 2021','9:20 PM','10:09 PM'),
('Afolabi','Saturday, October 16, 2021','9:22 PM','9:23 PM'),
('Temidayo','Saturday, October 16, 2021','9:23 PM','10:09 PM'),
('Temidayo','Saturday, October 16, 2021','9:44 PM','10:09 PM'),
('Temidayo','Saturday, October 16, 2021','9:45 PM','10:09 PM'),
('Pelumi','Saturday, October 16, 2021','9:49 PM',''),
('Temidayo','Saturday, October 16, 2021','9:59 PM','10:09 PM'),
('Temidayo','Saturday, October 16, 2021','10:07 PM','10:09 PM'),
('Pelumi','Saturday, October 16, 2021','10:12 PM',''),
('Temidayo','Saturday, October 16, 2021','10:20 PM',''),
('Cashier','Monday, October 18, 2021','7:05 PM',''),
('Temidayo','Monday, October 18, 2021','7:11 PM',''),
('Afolabi','Monday, October 18, 2021','7:13 PM','7:17 PM'),
('Afolabi','Tuesday, November 02, 2021','12:26 PM','12:30 PM'),
('Temidayo','Tuesday, November 02, 2021','12:30 PM','12:41 PM'),
('Temidayo','Tuesday, November 02, 2021','12:40 PM','12:41 PM'),
('Afolabi','Thursday, November 18, 2021','12:37 AM','10:23 AM'),
('Temidayo','Thursday, November 18, 2021','12:42 AM','10:21 AM'),
('Afolabi','Thursday, November 18, 2021','10:06 AM','10:23 AM'),
('Temidayo','Thursday, November 18, 2021','10:16 AM','10:21 AM'),
('Afolabi','Thursday, November 18, 2021','10:21 AM','10:23 AM'),
('Temidayo','Saturday, November 27, 2021','1:32 PM','1:34 PM'),
('Afolabi','Saturday, November 27, 2021','1:34 PM','1:35 PM'),
('Temidayo','Monday, December 13, 2021','3:35 PM','3:43 PM'),
('Afolabi','Monday, December 13, 2021','3:43 PM','3:48 PM'),
('Temidayo','Tuesday, December 28, 2021','1:48 PM','2:34 PM'),
('Afolabi','Tuesday, December 28, 2021','2:18 PM','9:43 PM'),
('Temidayo','Tuesday, December 28, 2021','2:18 PM','2:34 PM'),
('Temidayo','Tuesday, December 28, 2021','2:23 PM','2:34 PM'),
('Afolabi','Tuesday, December 28, 2021','2:26 PM','9:43 PM'),
('Temidayo','Tuesday, December 28, 2021','2:26 PM','2:34 PM'),
('Temidayo','Tuesday, December 28, 2021','2:27 PM','2:34 PM'),
('Temidayo','Tuesday, December 28, 2021','2:58 PM',''),
('Afolabi','Tuesday, December 28, 2021','8:11 PM','9:43 PM'),
('Afolabi','Tuesday, December 28, 2021','8:19 PM','9:43 PM'),
('Afolabi','Tuesday, December 28, 2021','8:24 PM','9:43 PM'),
('Afolabi','Tuesday, December 28, 2021','8:25 PM','9:43 PM'),
('Afolabi','Tuesday, December 28, 2021','8:31 PM','9:43 PM'),
('Afolabi','Tuesday, December 28, 2021','8:31 PM','9:43 PM'),
('Afolabi','Tuesday, December 28, 2021','8:36 PM','9:43 PM'),
('Afolabi','Tuesday, December 28, 2021','8:44 PM','9:43 PM'),
('Afolabi','Tuesday, December 28, 2021','8:45 PM','9:43 PM'),
('Afolabi','Tuesday, December 28, 2021','8:46 PM','9:43 PM'),
('Afolabi','Tuesday, December 28, 2021','8:51 PM','9:43 PM'),
('Afolabi','Tuesday, December 28, 2021','8:58 PM','9:43 PM'),
('Afolabi','Tuesday, December 28, 2021','9:05 PM','9:43 PM'),
('Pelumi','Tuesday, December 28, 2021','9:17 PM','9:31 PM'),
('Pelumi','Tuesday, December 28, 2021','9:19 PM','9:31 PM'),
('Pelumi','Tuesday, December 28, 2021','9:21 PM','9:31 PM'),
('Afolabi','Tuesday, December 28, 2021','9:32 PM','9:43 PM'),
('Cashier1','Tuesday, December 28, 2021','9:32 PM','9:43 PM'),
('Afolabi','Tuesday, December 28, 2021','9:34 PM','9:43 PM'),
('Afolabi','Tuesday, December 28, 2021','9:40 PM','9:43 PM'),
('Cashier1','Tuesday, December 28, 2021','9:41 PM','9:43 PM'),
('Afolabi','Tuesday, December 28, 2021','9:43 PM','9:43 PM'),
('Afolabi','Thursday, January 13, 2022','8:46 PM','10:02 PM'),
('Afolabi','Thursday, January 13, 2022','8:59 PM','10:02 PM'),
('Afolabi','Thursday, January 13, 2022','9:10 PM','10:02 PM'),
('Afolabi','Thursday, January 13, 2022','9:11 PM','10:02 PM'),
('Afolabi','Thursday, January 13, 2022','9:22 PM','10:02 PM'),
('Afolabi','Thursday, January 13, 2022','9:30 PM','10:02 PM'),
('Afolabi','Thursday, January 13, 2022','9:33 PM','10:02 PM'),
('Afolabi','Thursday, January 13, 2022','9:37 PM','10:02 PM'),
('Afolabi','Thursday, January 13, 2022','9:40 PM','10:02 PM'),
('Afolabi','Thursday, January 13, 2022','9:42 PM','10:02 PM'),
('Afolabi','Thursday, January 13, 2022','9:45 PM','10:02 PM'),
('Temidayo','Thursday, January 13, 2022','9:48 PM','10:15 PM'),
('Afolabi','Thursday, January 13, 2022','10:02 PM','10:02 PM'),
('Temidayo','Thursday, January 13, 2022','10:02 PM','10:15 PM'),
('Temidayo','Thursday, January 13, 2022','10:04 PM','10:15 PM'),
('Temidayo','Thursday, January 13, 2022','10:08 PM','10:15 PM'),
('Temidayo','Thursday, January 13, 2022','10:11 PM','10:15 PM'),
('Temidayo','Thursday, January 13, 2022','10:14 PM','10:15 PM'),
('Temidayo','Friday, January 14, 2022','10:38 AM','9:01 PM'),
('Afolabi','Friday, January 14, 2022','10:46 AM','9:06 PM'),
('Afolabi','Friday, January 14, 2022','10:51 AM','9:06 PM'),
('Afolabi','Friday, January 14, 2022','10:52 AM','9:06 PM'),
('Afolabi','Friday, January 14, 2022','10:59 AM','9:06 PM'),
('Temidayo','Friday, January 14, 2022','11:00 AM','9:01 PM'),
('Afolabi','Friday, January 14, 2022','8:44 PM','9:06 PM'),
('Temidayo','Friday, January 14, 2022','8:44 PM','9:01 PM'),
('Afolabi','Friday, January 14, 2022','9:02 PM','9:06 PM'),
('Afolabi','Wednesday, October 13, 2021','9:04 PM',''),
('Afolabi','Friday, January 14, 2022','9:06 PM',''),
('Afolabi','Friday, January 14, 2022','9:12 PM',''),
('Afolabi','Friday, January 14, 2022','9:24 PM',''),
('Temidayo','Thursday, January 20, 2022','8:14 PM','9:46 PM'),
('Temidayo','Thursday, January 20, 2022','8:23 PM','9:46 PM'),
('Afolabi','Thursday, January 20, 2022','9:09 PM','9:47 PM'),
('Afolabi','Thursday, January 20, 2022','9:19 PM','9:47 PM'),
('Afolabi','Thursday, January 20, 2022','9:20 PM','9:47 PM'),
('Afolabi','Thursday, January 20, 2022','9:28 PM','9:47 PM'),
('Afolabi','Thursday, January 20, 2022','9:33 PM','9:47 PM'),
('Temidayo','Thursday, January 20, 2022','9:37 PM','9:46 PM'),
('Afolabi','Thursday, January 20, 2022','9:46 PM','9:47 PM'),
('Afolabi','Monday, February 14, 2022','10:42 AM','10:42 AM'),
('Temidayo','Monday, February 14, 2022','10:42 AM','10:45 AM'),
('Afolabi','Sunday, February 27, 2022','8:15 PM','8:54 PM'),
('Pelumi','Sunday, February 27, 2022','8:28 PM','8:41 PM'),
('Afolabi','Sunday, February 27, 2022','8:28 PM','8:54 PM'),
('Temidayo','Sunday, February 27, 2022','8:28 PM','8:59 PM'),
('Afolabi','Sunday, February 27, 2022','8:39 PM','8:54 PM'),
('Pelumi','Sunday, February 27, 2022','8:40 PM','8:41 PM'),
('Afolabi','Sunday, February 27, 2022','8:42 PM','8:54 PM'),
('Afolabi','Sunday, February 27, 2022','8:52 PM','8:54 PM'),
('Afolabi','Sunday, February 27, 2022','8:54 PM','8:54 PM'),
('Temidayo','Sunday, February 27, 2022','8:54 PM','8:59 PM'),
('Afolabi','Tuesday, March 01, 2022','8:54 PM','9:05 PM'),
('Afolabi','Tuesday, March 01, 2022','8:54 PM','9:05 PM'),
('Afolabi','Tuesday, March 01, 2022','8:57 PM','9:05 PM'),
('Afolabi','Tuesday, March 01, 2022','9:05 PM','9:05 PM'),
('Pelumi','Tuesday, March 01, 2022','9:05 PM','9:08 PM'),
('Afolabi','Thursday, March 03, 2022','8:49 PM','8:49 PM'),
('afolabi','Friday, March 04, 2022','8:32 PM','8:44 PM'),
('Cashier1','Friday, March 04, 2022','8:44 PM','8:45 PM'),
('Temidayo','Monday, March 07, 2022','9:07 PM','9:13 PM'),
('Afolabi','Monday, March 07, 2022','9:13 PM','9:15 PM'),
('Afolabi','Thursday, March 10, 2022','6:50 PM','6:53 PM'),
('Temidayo','Thursday, March 10, 2022','6:51 PM','6:53 PM'),
('Afolabi','Thursday, March 10, 2022','6:53 PM','6:53 PM'),
('Afolabi','Tuesday, March 15, 2022','9:14 PM','9:22 PM'),
('Afolabi','Sunday, March 20, 2022','8:09 PM','8:13 PM'),
('Afolabi','Sunday, March 20, 2022','8:11 PM','8:13 PM'),
('Temidayo','Sunday, March 20, 2022','8:13 PM','8:14 PM'),
('Afolabi','Tuesday, May 24, 2022','5:07 PM','5:13 PM'),
('Temidayo','Tuesday, May 24, 2022','5:13 PM','5:24 PM'),
('Afolabi','Tuesday, May 24, 2022','5:24 PM','');
/*!40000 ALTER TABLE `tbllogs` ENABLE KEYS */;

-- 
-- Definition of tblpayment
-- 

DROP TABLE IF EXISTS `tblpayment`;
CREATE TABLE IF NOT EXISTS `tblpayment` (
  `invoiceno` varchar(255) NOT NULL,
  `total` decimal(10,2) DEFAULT NULL,
  `amountpaid` decimal(10,2) NOT NULL,
  `mchange` decimal(10,2) NOT NULL,
  `paymode` varchar(50) NOT NULL,
  `date` varchar(50) NOT NULL,
  `time` varchar(50) NOT NULL,
  `user` varchar(50) NOT NULL,
  `status` varchar(50) NOT NULL,
  PRIMARY KEY (`invoiceno`)
) ENGINE=InnoDB DEFAULT CHARSET=latin1;

-- 
-- Dumping data for table tblpayment
-- 

/*!40000 ALTER TABLE `tblpayment` DISABLE KEYS */;
INSERT INTO `tblpayment`(`invoiceno`,`total`,`amountpaid`,`mchange`,`paymode`,`date`,`time`,`user`,`status`) VALUES
('IVC20211228N52056',3540.00,3540.00,0.00,'Bank Transfer','12/28/2021','9:33 PM','Cashier1','COMPLETED'),
('IVC20211228T76525',6360.00,6500.00,140.00,'Cash','12/28/2021','9:29 PM','Pelumi','COMPLETED'),
('IVC20211228V85951',3580.00,4000.00,420.00,'Cash','12/28/2021','3:00 PM','Temidayo','COMPLETED'),
('IVC20211228X92723',2060.00,2100.00,40.00,'Cash','12/28/2021','9:42 PM','Cashier1','COMPLETED'),
('IVC2022113I35297',8140.00,8200.00,60.00,'POS (ATM)','1/13/2022','9:55 PM','Temidayo','COMPLETED'),
('IVC2022114D14665',1750.00,2000.00,250.00,'Cash','1/14/2022','8:45 PM','Temidayo','COMPLETED'),
('IVC2022114O57687',2630.00,3000.00,370.00,'Cash','1/14/2022','11:04 AM','Temidayo','COMPLETED'),
('IVC2022120A2693',2050.00,2100.00,50.00,'Cash','1/20/2022','9:45 PM','Temidayo','COMPLETED'),
('IVC2022120I33089',3000.00,3000.00,0.00,'POS (ATM)','1/20/2022','9:39 PM','Temidayo','COMPLETED'),
('IVC2022120W91369',1170.00,1200.00,30.00,'Cash','1/20/2022','8:26 PM','Temidayo','COMPLETED'),
('IVC2022214X95117',3000.00,3000.00,0.00,'Cash','2/14/2022','10:44 AM','Temidayo','COMPLETED'),
('IVC2022227B6721',5840.00,6000.00,160.00,'Cash','2/27/2022','8:41 PM','Pelumi','COMPLETED'),
('IVC2022227I32583',500.00,1000.00,500.00,'POS (ATM)','2/27/2022','8:39 PM','Temidayo','COMPLETED'),
('IVC2022227P62560',4640.00,5000.00,360.00,'Cash','2/27/2022','8:36 PM','Temidayo','COMPLETED'),
('IVC2022310M51156',2440.00,2500.00,60.00,'Cash','3/10/2022','6:53 PM','Temidayo','COMPLETED'),
('IVC202237D15601',3420.00,3500.00,80.00,'Cash','3/7/2022','9:12 PM','Temidayo','COMPLETED'),
('IVC2022524E17160',70.00,100.00,30.00,'Cash','5/24/2022','5:24 PM','Temidayo','COMPLETED'),
('IVC2022524H29448',6280.00,6500.00,220.00,'Cash','5/24/2022','5:20 PM','Temidayo','COMPLETED');
/*!40000 ALTER TABLE `tblpayment` ENABLE KEYS */;

-- 
-- Definition of tblproduct
-- 

DROP TABLE IF EXISTS `tblproduct`;
CREATE TABLE IF NOT EXISTS `tblproduct` (
  `code` varchar(100) NOT NULL,
  `barcode` varchar(13) NOT NULL,
  `pname` varchar(50) NOT NULL,
  `category` varchar(50) NOT NULL,
  `description` varchar(500) NOT NULL,
  `status` varchar(20) NOT NULL,
  `quantity` int(11) NOT NULL,
  `price` decimal(10,2) NOT NULL,
  `picture` blob NOT NULL,
  PRIMARY KEY (`code`)
) ENGINE=InnoDB DEFAULT CHARSET=latin1;

-- 
-- Dumping data for table tblproduct
-- 

/*!40000 ALTER TABLE `tblproduct` DISABLE KEYS */;
INSERT INTO `tblproduct`(`code`,`barcode`,`pname`,`category`,`description`,`status`,`quantity`,`price`,`picture`) VALUES
('P-0655108','2343536363530','PEAK MILK REFILL','MILK REFILL','N/A','Active',39,600.00,0xFFD8FFE000104A46494600010101006000600000FFDB004300080606070605080707070909080A0C140D0C0B0B0C1912130F141D1A1F1E1D1A1C1C20242E2720222C231C1C2837292C30313434341F27393D38323C2E333432FFDB0043010909090C0B0C180D0D1832211C213232323232323232323232323232323232323232323232323232323232323232323232323232323232323232323232323232FFC0001108003C007B03012200021101031101FFC4001F0000010501010101010100000000000000000102030405060708090A0BFFC400B5100002010303020403050504040000017D01020300041105122131410613516107227114328191A1082342B1C11552D1F02433627282090A161718191A25262728292A3435363738393A434445464748494A535455565758595A636465666768696A737475767778797A838485868788898A92939495969798999AA2A3A4A5A6A7A8A9AAB2B3B4B5B6B7B8B9BAC2C3C4C5C6C7C8C9CAD2D3D4D5D6D7D8D9DAE1E2E3E4E5E6E7E8E9EAF1F2F3F4F5F6F7F8F9FAFFC4001F0100030101010101010101010000000000000102030405060708090A0BFFC400B51100020102040403040705040400010277000102031104052131061241510761711322328108144291A1B1C109233352F0156272D10A162434E125F11718191A262728292A35363738393A434445464748494A535455565758595A636465666768696A737475767778797A82838485868788898A92939495969798999AA2A3A4A5A6A7A8A9AAB2B3B4B5B6B7B8B9BAC2C3C4C5C6C7C8C9CAD2D3D4D5D6D7D8D9DAE2E3E4E5E6E7E8E9EAF2F3F4F5F6F7F8F9FAFFDA000C03010002110311003F00E7ECFF00E482EB3FF60AB0FF00D3A5DD1E21FF0090E784FF00EC9FC9FF00A4575459FF00C905D67FEC1561FF00A74BBA3C43FF0021CF09FF00D93F93FF0048AEA800F0AFFC9435FF00B05681FF00A374DA3C43FF0026BDE13FFB0AC9FF00A15D51E15FF9286BFF0060AD03FF0046E9B47887FE4D7BC27FF61593FF0042BAA002F3FE4A1E8DFF006502FF00FF0046DA51F0BBFE407A6FFD854FFE96E9145E7FC943D1BFECA05FFF00E8DB4A3E177FC80F4DFF00B0A9FF00D2DD22803BFD1BFE49E7C5BFFB0AEB1FFA285117FC943F017FD857C49FFA365A346FF9279F16FF00EC2BAC7FE8A1445FF250FC05FF00615F127FE8D9680380F8C3FF0021CF1B7FD85748FF00D229EB9FF17FFCCFFF00F635C5FF00B7D5D07C61FF0090E78DBFEC2BA47FE914F5CFF8BFFE67FF00FB1AE2FF00DBEA00E83C43FF0025ABC27FF61593FF004EF7547887FE439E13FF00B27F27FE915D51E21FF92D5E13FF00B0AC9FFA77BAA3C43FF21CF09FFD93F93FF48AEA803BFF000D7FC873C0DFF60AD27FF48B53AE7F5AFF009243F14BFEC6B9FF00F4A20AE83C35FF0021CF037FD82B49FF00D22D4EB9FD6BFE490FC52FFB1AE7FF00D2882800F8B9FF00257A0FFB152FBFF49EF2BC83C77FF250FC4DFF00615BAFFD1AD5EBFF00173FE4AF41FF0062A5F7FE93DE579078EFFE4A1F89BFEC2B75FF00A35A803D02CFFE482EB3FF0060AB0FFD3A5DD1E21FF90E784FFEC9FC9FFA4575459FFC905D67FEC1561FFA74BBA3C43FF21CF09FFD93F93FF48AEA800F0AFF00C9435FFB05681FFA374DA3C43FF26BDE13FF00B0AC9FFA15D51E15FF009286BFF60AD03FF46E9B47887FE4D7BC27FF0061593FF42BAA002F3FE4A1E8DFF6502FFF00F46DA51F0BBFE407A6FF00D854FF00E96E9145E7FC943D1BFECA05FF00FE8DB4A3E177FC80F4DFFB0A9FFD2DD22803BFD1BFE49E7C5BFF00B0AEB1FF00A285117FC943F017FD857C49FF00A365A346FF009279F16FFEC2BAC7FE8A1445FF00250FC05FF615F127FE8D9680380F8C3FF21CF1B7FD85748FFD229EB9FF0017FF00CCFF00FF00635C5FFB7D5D07C61FF90E78DBFEC2BA47FE914F5CFF008BFF00E67FFF00B1AE2FFDBEA00E83C43FF25ABC27FF0061593FF4EF7547887FE439E13FFB27F27FE915D51E21FF0092D5E13FFB0AC9FF00A77BAA3C43FF0021CF09FF00D93F93FF0048AEA803BFF0D7FC873C0DFF0060AD27FF0048B53AE7F5AFF9243F14BFEC6B9FFF004A20AE83C35FF21CF037FD82B49FFD22D4EB9FD6BFE490FC52FF00B1AE7FFD2882800F8B9FF257A0FF00B152FBFF0049EF2BC83C77FF00250FC4DFF615BAFF00D1AD5EBFF173FE4AF41FF62A5F7FE93DE579078EFF00E4A1F89BFEC2B75FFA35A803D02CFF00E482EB3FF60AB0FF00D3A5DD1E21FF0090E784FF00EC9FC9FF00A4575459FF00C905D67FEC1561FF00A74BBA3C43FF0021CF09FF00D93F93FF0048AEA800F0AFFC9435FF00B05681FF00A374DA3C43FF0026BDE13FFB0AC9FF00A15D51E15FF9286BFF0060AD03FF0046E9B47887FE4D7BC27FF61593FF0042BAA002F3FE4A1E8DFF006502FF00FF0046DA51F0BBFE407A6FFD854FFE96E9145E7FC943D1BFECA05FFF00E8DB4A3E177FC80F4DFF00B0A9FF00D2DD22803BFD1BFE49E7C5BFFB0AEB1FFA285117FC943F017FD857C49FFA365A346FF9279F16FF00EC2BAC7FE8A1445FF250FC05FF00615F127FE8D9680380F8C3FF0021CF1B7FD85748FF00D229EB9FF17FFCCFFF00F635C5FF00B7D5D07C61FF0090E78DBFEC2BA47FE914F5CFF8BFFE67FF00FB1AE2FF00DBEA00E83C43FF0025ABC27FF61593FF004EF7547887FE439E13FF00B27F27FE915D51E21FF92D5E13FF00B0AC9FFA77BAA3C43FF21CF09FFD93F93FF48AEA803BFF000D7FC873C0DFF60AD27FF48B53AE7F5AFF009243F14BFEC6B9FF00F4A20AE83C35FF0021CF037FD82B49FF00D22D4EB9FD6BFE490FC52FFB1AE7FF00D2882800F8B9FF00257A0FFB152FBFF49EF2BC83C77FF250FC4DFF00615BAFFD1AD5EBFF00173FE4AF41FF0062A5F7FE93DE579078EFFE4A1F89BFEC2B75FF00A35A803D02CFFE482EB3FF0060AB0FFD3A5DD1E21FF90E784FFEC9FC9FFA4575459FFC905D67FEC1561FFA74BBA3C43FF21CF09FFD93F93FF48AEA800F0AFF00C9435FFB05681FFA374DA3C43FF26BDE13FF00B0AC9FFA15D51E15FF009286BFF60AD03FF46E9B47887FE4D7BC27FF0061593FF42BAA002F3FE4A1E8DFF6502FFF00F46DA51F0BBFE407A6FF00D854FF00E96E9145E7FC943D1BFECA05FF00FE8DB4A3E177FC80F4DFFB0A9FFD2DD22803BFD1BFE49E7C5BFF00B0AEB1FF00A285117FC943F017FD857C49FF00A365A346FF009279F16FFEC2BAC7FE8A1445FF00250FC05FF615F127FE8D9680380F8C3FF21CF1B7FD85748FFD229EB9FF0017FF00CCFF00FF00635C5FFB7D5D07C61FF90E78DBFEC2BA47FE914F5CFF008BFF00E67FFF00B1AE2FFDBEA00E83C43FF25ABC27FF0061593FF4EF7547887FE439E13FFB27F27FE915D51E21FF0092D5E13FFB0AC9FF00A77BAA3C43FF0021CF09FF00D93F93FF0048AEA803BFF0D7FC873C0DFF0060AD27FF0048B53AE7F5AFF9243F14BFEC6B9FFF004A20AE83C35FF21CF037FD82B49FFD22D4EB9FD6BFE490FC52FF00B1AE7FFD2882800F8B9FF257A0FF00B152FBFF0049EF2BC83C77FF00250FC4DFF615BAFF00D1AD5EBFF173FE4AF41FF62A5F7FE93DE579078EFF00E4A1F89BFEC2B75FFA35A803FFD9),
('P-106870491','4353678252929','TEST PRODUCT','COOKING OIL','Test cooking oil','Active',47,150.00,0xFFD8FFE000104A46494600010101006000600000FFDB004300080606070605080707070909080A0C140D0C0B0B0C1912130F141D1A1F1E1D1A1C1C20242E2720222C231C1C2837292C30313434341F27393D38323C2E333432FFDB0043010909090C0B0C180D0D1832211C213232323232323232323232323232323232323232323232323232323232323232323232323232323232323232323232323232FFC0001108003C007B03012200021101031101FFC4001F0000010501010101010100000000000000000102030405060708090A0BFFC400B5100002010303020403050504040000017D01020300041105122131410613516107227114328191A1082342B1C11552D1F02433627282090A161718191A25262728292A3435363738393A434445464748494A535455565758595A636465666768696A737475767778797A838485868788898A92939495969798999AA2A3A4A5A6A7A8A9AAB2B3B4B5B6B7B8B9BAC2C3C4C5C6C7C8C9CAD2D3D4D5D6D7D8D9DAE1E2E3E4E5E6E7E8E9EAF1F2F3F4F5F6F7F8F9FAFFC4001F0100030101010101010101010000000000000102030405060708090A0BFFC400B51100020102040403040705040400010277000102031104052131061241510761711322328108144291A1B1C109233352F0156272D10A162434E125F11718191A262728292A35363738393A434445464748494A535455565758595A636465666768696A737475767778797A82838485868788898A92939495969798999AA2A3A4A5A6A7A8A9AAB2B3B4B5B6B7B8B9BAC2C3C4C5C6C7C8C9CAD2D3D4D5D6D7D8D9DAE2E3E4E5E6E7E8E9EAF2F3F4F5F6F7F8F9FAFFDA000C03010002110311003F00E7ECFF00E482EB3FF60AB0FF00D3A5DD6FDEFF00CD3DFF00B963FF006F2B02CFFE482EB3FF0060AB0FFD3A5DD6FDEFFCD3DFFB963FF6F280303E267FC943F893FF0060AB4FFD1B635CFF008BFF00E67FFF00B1AE2FFDBEAE83E267FC943F893FF60AB4FF00D1B635CFF8BFFE67FF00FB1AE2FF00DBEA00F7FF00F9923FEE6BFF00DCD579FF00867FE490E9FF00F62A7887FF004A22AF40FF009923FEE6BFFDCD579FF867FE490E9FFF0062A7887FF4A22A00C0F1DFFC97AF137FD82AEBFF004D6D5BFF0008FF00E4AF4FFF0062A58FFE93D9D6078EFF00E4BD789BFEC1575FFA6B6ADFF847FF00257A7FFB152C7FF49ECE803035CFF927975FF60A87FF004568747887FE4D7BC27FF61593FF0042BAA35CFF00927975FF0060A87FF4568747887FE4D7BC27FF0061593FF42BAA003C43FF0025ABC27FF61593FF004EF7547837FE48ADCFFD85752FFD344D47887FE4B5784FFEC2B27FE9DEEA8F06FF00C915B9FF00B0AEA5FF00A689A800F197FC80EDBFEC9FE9BFFA5B0D6FEB5FF2487E297FD8D73FFE9441581E32FF00901DB7FD93FD37FF004B61ADFD6BFE490FC52FFB1AE7FF00D2882800F8B9FF00257A0FFB152FBFF49EF2BC83C77FF250FC4DFF00615BAFFD1AD5EBFF00173FE4AF41FF0062A5F7FE93DE579078EFFE4A1F89BFEC2B75FF00A35A803D02CFFE482EB3FF0060AB0FFD3A5DD6FDEFFCD3DFFB963FF6F2B02CFF00E482EB3FF60AB0FF00D3A5DD6FDEFF00CD3DFF00B963FF006F280303E267FC943F893FF60AB4FF00D1B635CFF8BFFE67FF00FB1AE2FF00DBEAE83E267FC943F893FF0060AB4FFD1B635CFF008BFF00E67FFF00B1AE2FFDBEA00F7FFF009923FEE6BFFDCD579FF867FE490E9FFF0062A7887FF4A22AF40FF9923FEE6BFF00DCD579FF00867FE490E9FF00F62A7887FF004A22A00C0F1DFF00C97AF137FD82AEBFF4D6D5BFF08FFE4AF4FF00F62A58FF00E93D9D6078EFFE4BD789BFEC1575FF00A6B6ADFF00847FF257A7FF00B152C7FF0049ECE803035CFF00927975FF0060A87FF4568747887FE4D7BC27FF0061593FF42BAA35CFF927975FF60A87FF004568747887FE4D7BC27FF61593FF0042BAA003C43FF25ABC27FF0061593FF4EF7547837FE48ADCFF00D85752FF00D344D47887FE4B5784FF00EC2B27FE9DEEA8F06FFC915B9FFB0AEA5FFA689A800F197FC80EDBFEC9FE9BFF00A5B0D6FEB5FF002487E297FD8D73FF00E9441581E32FF901DB7FD93FD37FF4B61ADFD6BFE490FC52FF00B1AE7FFD2882800F8B9FF257A0FF00B152FBFF0049EF2BC83C77FF00250FC4DFF615BAFF00D1AD5EBFF173FE4AF41FF62A5F7FE93DE579078EFF00E4A1F89BFEC2B75FFA35A803D02CFF00E482EB3FF60AB0FF00D3A5DD6FDEFF00CD3DFF00B963FF006F2B02CFFE482EB3FF0060AB0FFD3A5DD6FDEFFCD3DFFB963FF6F280303E267FC943F893FF0060AB4FFD1B635CFF008BFF00E67FFF00B1AE2FFDBEAE83E267FC943F893FF60AB4FF00D1B635CFF8BFFE67FF00FB1AE2FF00DBEA00F7FF00F9923FEE6BFF00DCD579FF00867FE490E9FF00F62A7887FF004A22AF40FF009923FEE6BFFDCD579FF867FE490E9FFF0062A7887FF4A22A00C0F1DFFC97AF137FD82AEBFF004D6D5BFF0008FF00E4AF4FFF0062A58FFE93D9D6078EFF00E4BD789BFEC1575FFA6B6ADFF847FF00257A7FFB152C7FF49ECE803035CFF927975FF60A87FF004568747887FE4D7BC27FF61593FF0042BAA35CFF00927975FF0060A87FF4568747887FE4D7BC27FF0061593FF42BAA003C43FF0025ABC27FF61593FF004EF7547837FE48ADCFFD85752FFD344D47887FE4B5784FFEC2B27FE9DEEA8F06FF00C915B9FF00B0AEA5FF00A689A800F197FC80EDBFEC9FE9BFFA5B0D6FEB5FF2487E297FD8D73FFE9441581E32FF00901DB7FD93FD37FF004B61ADFD6BFE490FC52FFB1AE7FF00D2882800F8B9FF00257A0FFB152FBFF49EF2BC83C77FF250FC4DFF00615BAFFD1AD5EBFF00173FE4AF41FF0062A5F7FE93DE579078EFFE4A1F89BFEC2B75FF00A35A803D02CFFE482EB3FF0060AB0FFD3A5DD6FDEFFCD3DFFB963FF6F2B02CFF00E482EB3FF60AB0FF00D3A5DD6FDEFF00CD3DFF00B963FF006F280303E267FC943F893FF60AB4FF00D1B635CFF8BFFE67FF00FB1AE2FF00DBEAE83E267FC943F893FF0060AB4FFD1B635CFF008BFF00E67FFF00B1AE2FFDBEA00F7FFF009923FEE6BFFDCD579FF867FE490E9FFF0062A7887FF4A22AF40FF9923FEE6BFF00DCD579FF00867FE490E9FF00F62A7887FF004A22A00C0F1DFF00C97AF137FD82AEBFF4D6D5BFF08FFE4AF4FF00F62A58FF00E93D9D6078EFFE4BD789BFEC1575FF00A6B6ADFF00847FF257A7FF00B152C7FF0049ECE803035CFF00927975FF0060A87FF4568747887FE4D7BC27FF0061593FF42BAA35CFF927975FF60A87FF004568747887FE4D7BC27FF61593FF0042BAA003C43FF25ABC27FF0061593FF4EF7547837FE48ADCFF00D85752FF00D344D47887FE4B5784FF00EC2B27FE9DEEA8F06FFC915B9FFB0AEA5FFA689A800F197FC80EDBFEC9FE9BFF00A5B0D6FEB5FF002487E297FD8D73FF00E9441581E32FF901DB7FD93FD37FF4B61ADFD6BFE490FC52FF00B1AE7FFD2882800F8B9FF257A0FF00B152FBFF0049EF2BC83C77FF00250FC4DFF615BAFF00D1AD5EBFF173FE4AF41FF62A5F7FE93DE579078EFF00E4A1F89BFEC2B75FFA35A803FFD9),
('P-12415797','3452626242270','PEAK MILK TIN','MILK TIN','N/A','Active',33,250.00,0xFFD8FFE000104A46494600010101006000600000FFDB004300080606070605080707070909080A0C140D0C0B0B0C1912130F141D1A1F1E1D1A1C1C20242E2720222C231C1C2837292C30313434341F27393D38323C2E333432FFDB0043010909090C0B0C180D0D1832211C213232323232323232323232323232323232323232323232323232323232323232323232323232323232323232323232323232FFC0001108003C007B03012200021101031101FFC4001F0000010501010101010100000000000000000102030405060708090A0BFFC400B5100002010303020403050504040000017D01020300041105122131410613516107227114328191A1082342B1C11552D1F02433627282090A161718191A25262728292A3435363738393A434445464748494A535455565758595A636465666768696A737475767778797A838485868788898A92939495969798999AA2A3A4A5A6A7A8A9AAB2B3B4B5B6B7B8B9BAC2C3C4C5C6C7C8C9CAD2D3D4D5D6D7D8D9DAE1E2E3E4E5E6E7E8E9EAF1F2F3F4F5F6F7F8F9FAFFC4001F0100030101010101010101010000000000000102030405060708090A0BFFC400B51100020102040403040705040400010277000102031104052131061241510761711322328108144291A1B1C109233352F0156272D10A162434E125F11718191A262728292A35363738393A434445464748494A535455565758595A636465666768696A737475767778797A82838485868788898A92939495969798999AA2A3A4A5A6A7A8A9AAB2B3B4B5B6B7B8B9BAC2C3C4C5C6C7C8C9CAD2D3D4D5D6D7D8D9DAE2E3E4E5E6E7E8E9EAF2F3F4F5F6F7F8F9FAFFDA000C03010002110311003F00E7ECFF00E482EB3FF60AB0FF00D3A5DD77F67FF24F359FFB27F61FFA2AEEB80B3FF920BACFFD82AC3FF4E9775DFD9FFC93CD67FEC9FD87FE8ABBA00E7F5AFF009243F14BFEC6B9FF00F4A20A3C37FF0035D3FEDE7FF6EA8D6BFE490FC52FFB1AE7FF00D28828F0DFFCD74FFB79FF00DBAA003E167FC9C2F8D7FEDFBFF4AD2B80F1F7FC8B1E1DFF00807FE9B74DAEFF00E167FC9C2F8D7FEDFBFF004AD2B80F1F7FC8B1E1DFF807FE9B74DA00F5FF008A3FF21CD4BFEC143FF48B57AE02F3FE4A1E8DFF006502FF00FF0046DA577FF147FE439A97FD8287FE916AF5C05E7FC943D1BFECA05FFF00E8DB4A003E267FC943F893FF0060AB4FFD1B635BFF001B7FE458D77FEC6BB7FF00D36C7581F133FE4A1FC49FFB055A7FE8DB1ADFF8DBFF0022C6BBFF00635DBFFE9B63A00C0F10FF00C96AF09FFD8564FF00D3BDD51E21FF0090E784FF00EC9FC9FF00A457547887FE4B5784FF00EC2B27FE9DEEA8F10FFC873C27FF0064FE4FFD22BAA003C65FF203B6FF00B27FA6FF00E96C35BFAD7FC921F8A5FF00635CFF00FA51056078CBFE4076DFF64FF4DFFD2D86B7F5AFF9243F14BFEC6B9FFF004A20A003E2E7FC95E83FEC54BEFF00D27BCAF20F1DFF00C943F137FD856EBFF46B57AFFC5CFF0092BD07FD8A97DFFA4F795E41E3BFF9287E26FF00B0ADD7FE8D6A00F40B3FF920BACFFD82AC3FF4E9775DFD9FFC93CD67FEC9FD87FE8ABBAE02CFFE482EB3FF0060AB0FFD3A5DD77F67FF0024F359FF00B27F61FF00A2AEE8039FD6BFE490FC52FF00B1AE7FFD28828F0DFF00CD74FF00B79FFDBAA35AFF009243F14BFEC6B9FF00F4A20A3C37FF0035D3FEDE7FF6EA800F859FF270BE35FF00B7EFFD2B4AE03C7DFF0022C7877FE01FFA6DD36BBFF859FF00270BE35FFB7EFF00D2B4AE03C7DFF22C7877FE01FF00A6DD36803D7FE28FFC87352FFB050FFD22D5EB80BCFF009287A37FD940BFFF00D1B695DFFC51FF0090E6A5FF0060A1FF00A45ABD70179FF250F46FFB2817FF00FA36D2800F899FF250FE24FF00D82AD3FF0046D8D6FF00C6DFF91635DFFB1AEDFF00F4DB1D607C4CFF009287F127FEC1569FFA36C6B7FE36FF00C8B1AEFF00D8D76FFF00A6D8E80303C43FF25ABC27FF0061593FF4EF7547887FE439E13FFB27F27FE915D51E21FF0092D5E13FFB0AC9FF00A77BAA3C43FF0021CF09FF00D93F93FF0048AEA800F197FC80EDBFEC9FE9BFFA5B0D6FEB5FF2487E297FD8D73FFE9441581E32FF00901DB7FD93FD37FF004B61ADFD6BFE490FC52FFB1AE7FF00D2882800F8B9FF00257A0FFB152FBFF49EF2BC83C77FF250FC4DFF00615BAFFD1AD5EBFF00173FE4AF41FF0062A5F7FE93DE579078EFFE4A1F89BFEC2B75FF00A35A803D02CFFE482EB3FF0060AB0FFD3A5DD77F67FF0024F359FF00B27F61FF00A2AEEB80B3FF00920BACFF00D82AC3FF004E9775DFD9FF00C93CD67FEC9FD87FE8ABBA00E7F5AFF9243F14BFEC6B9FFF004A20A3C37FF35D3FEDE7FF006EA8D6BFE490FC52FF00B1AE7FFD28828F0DFF00CD74FF00B79FFDBAA003E167FC9C2F8D7FEDFBFF004AD2B80F1F7FC8B1E1DFF807FE9B74DAEFFE167FC9C2F8D7FEDFBFF4AD2B80F1F7FC8B1E1DFF00807FE9B74DA00F5FF8A3FF0021CD4BFEC143FF0048B57AE02F3FE4A1E8DFF6502FFF00F46DA577FF00147FE439A97FD8287FE916AF5C05E7FC943D1BFECA05FF00FE8DB4A003E267FC943F893FF60AB4FF00D1B635BFF1B7FE458D77FEC6BB7FFD36C7581F133FE4A1FC49FF00B055A7FE8DB1ADFF008DBFF22C6BBFF635DBFF00E9B63A00C0F10FFC96AF09FF00D8564FFD3BDD51E21FF90E784FFEC9FC9FFA457547887FE4B5784FFEC2B27FE9DEEA8F10FF00C873C27FF64FE4FF00D22BAA003C65FF00203B6FFB27FA6FFE96C35BFAD7FC921F8A5FF635CFFF00A51056078CBFE4076DFF0064FF004DFF00D2D86B7F5AFF009243F14BFEC6B9FF00F4A20A003E2E7FC95E83FEC54BEFFD27BCAF20F1DFFC943F137FD856EBFF0046B57AFF00C5CFF92BD07FD8A97DFF00A4F795E41E3BFF009287E26FFB0ADD7FE8D6A00F40B3FF00920BACFF00D82AC3FF004E9775DFD9FF00C93CD67FEC9FD87FE8ABBAE02CFF00E482EB3FF60AB0FF00D3A5DD77F67FF24F359FFB27F61FFA2AEE8039FD6BFE490FC52FFB1AE7FF00D28828F0DFFCD74FFB79FF00DBAA35AFF9243F14BFEC6B9FFF004A20A3C37FF35D3FEDE7FF006EA800F859FF00270BE35FFB7EFF00D2B4AE03C7DFF22C7877FE01FF00A6DD36BBFF00859FF270BE35FF00B7EFFD2B4AE03C7DFF0022C7877FE01FFA6DD36803D7FE28FF00C87352FF00B050FF00D22D5EB80BCFF9287A37FD940BFF00FD1B695DFF00C51FF90E6A5FF60A1FFA45ABD70179FF00250F46FF00B2817FFF00A36D2800F899FF00250FE24FFD82AD3FF46D8D6FFC6DFF0091635DFF00B1AEDFFF004DB1D607C4CFF9287F127FEC1569FF00A36C6B7FE36FFC8B1AEFFD8D76FF00FA6D8E80303C43FF0025ABC27FF61593FF004EF7547887FE439E13FF00B27F27FE915D51E21FF92D5E13FF00B0AC9FFA77BAA3C43FF21CF09FFD93F93FF48AEA800F197FC80EDBFEC9FE9BFF00A5B0D6FEB5FF002487E297FD8D73FF00E9441581E32FF901DB7FD93FD37FF4B61ADFD6BFE490FC52FF00B1AE7FFD2882800F8B9FF257A0FF00B152FBFF0049EF2BC83C77FF00250FC4DFF615BAFF00D1AD5EBFF173FE4AF41FF62A5F7FE93DE579078EFF00E4A1F89BFEC2B75FFA35A803FFD9),
('P-25252720','2088888825230','BAKING SODA','OTHERS','N/A','Active',35,200.00,0xFFD8FFE000104A46494600010101006000600000FFDB004300080606070605080707070909080A0C140D0C0B0B0C1912130F141D1A1F1E1D1A1C1C20242E2720222C231C1C2837292C30313434341F27393D38323C2E333432FFDB0043010909090C0B0C180D0D1832211C213232323232323232323232323232323232323232323232323232323232323232323232323232323232323232323232323232FFC0001108003C007B03012200021101031101FFC4001F0000010501010101010100000000000000000102030405060708090A0BFFC400B5100002010303020403050504040000017D01020300041105122131410613516107227114328191A1082342B1C11552D1F02433627282090A161718191A25262728292A3435363738393A434445464748494A535455565758595A636465666768696A737475767778797A838485868788898A92939495969798999AA2A3A4A5A6A7A8A9AAB2B3B4B5B6B7B8B9BAC2C3C4C5C6C7C8C9CAD2D3D4D5D6D7D8D9DAE1E2E3E4E5E6E7E8E9EAF1F2F3F4F5F6F7F8F9FAFFC4001F0100030101010101010101010000000000000102030405060708090A0BFFC400B51100020102040403040705040400010277000102031104052131061241510761711322328108144291A1B1C109233352F0156272D10A162434E125F11718191A262728292A35363738393A434445464748494A535455565758595A636465666768696A737475767778797A82838485868788898A92939495969798999AA2A3A4A5A6A7A8A9AAB2B3B4B5B6B7B8B9BAC2C3C4C5C6C7C8C9CAD2D3D4D5D6D7D8D9DAE2E3E4E5E6E7E8E9EAF2F3F4F5F6F7F8F9FAFFDA000C03010002110311003F00E7ECFF00E482EB3FF60AB0FF00D3A5DD6FFF00F3AAAC0B3FF920BACFFD82AC3FF4E9775BFF00FCEAA80303E267FC943F893FF60AB4FF00D1B635BFE19FF9243A7FFD8A9E21FF00D288AB03E267FC943F893FF60AB4FF00D1B635BFE19FF9243A7FFD8A9E21FF00D288A8030346FF009287F16FFEC15AC7FE8D147C79FF0090E49FF6159FFF0048B4FA346FF9287F16FF00EC15AC7FE8D147C79FF90E49FF006159FF00F48B4FA00EFF00C77FF1E9E26FFB0ADD7FE981AB80BCFF00920BA37FD82AFF00FF004E9695DFF8EFFE3D3C4DFF00615BAFFD303570179FF241746FFB055FFF00E9D2D2800F899FF250FE24FF00D82AD3FF0046D8D73FE2FF00F99FFF00EC6B8BFF006FABA0F899FF00250FE24FFD82AD3FF46D8D73FE2FFF0099FF00FEC6B8BFF6FA803A0F10FF00C96AF09FFD8564FF00D3BDD51E21FF0090E784FF00EC9FC9FF00A457547887FE4B5784FF00EC2B27FE9DEEA8F10FFC873C27FF0064FE4FFD22BAA003C43FF21CF09FFD93F93FF48AEAB7FC7DFF002487C3BFF62A27FE9469B581E21FF90E784FFEC9FC9FFA45755BFE3EFF009243E1DFFB1513FF004A34DA003E2E7FC95E83FEC54BEFFD27BCAF20F1DFFC943F137FD856EBFF0046B57AFF00C5CFF92BD07FD8A97DFF00A4F795E41E3BFF009287E26FFB0ADD7FE8D6A00F40B3FF00920BACFF00D82AC3FF004E9775BFFF00CEAAB02CFF00E482EB3FF60AB0FF00D3A5DD6FFF00F3AAA00C0F899FF250FE24FF00D82AD3FF0046D8D6FF00867FE490E9FF00F62A7887FF004A22AC0F899FF250FE24FF00D82AD3FF0046D8D6FF00867FE490E9FF00F62A7887FF004A22A00C0D1BFE4A1FC5BFFB056B1FFA3451F1E7FE43927FD8567FFD22D3E8D1BFE4A1FC5BFF00B056B1FF00A3451F1E7FE43927FD8567FF00D22D3E803BFF001DFF00C7A789BFEC2B75FF00A606AE02F3FE482E8DFF0060ABFF00FD3A5A577FE3BFF8F4F137FD856EBFF4C0D5C05E7FC905D1BFEC157FFF00A74B4A003E267FC943F893FF0060AB4FFD1B635CFF008BFF00E67FFF00B1AE2FFDBEAE83E267FC943F893FF60AB4FF00D1B635CFF8BFFE67FF00FB1AE2FF00DBEA00E83C43FF0025ABC27FF61593FF004EF7547887FE439E13FF00B27F27FE915D51E21FF92D5E13FF00B0AC9FFA77BAA3C43FF21CF09FFD93F93FF48AEA800F10FF00C873C27FF64FE4FF00D22BAADFF1F7FC921F0EFF00D8A89FFA51A6D607887FE439E13FFB27F27FE915D56FF8FBFE490F877FEC544FFD28D36800F8B9FF00257A0FFB152FBFF49EF2BC83C77FF250FC4DFF00615BAFFD1AD5EBFF00173FE4AF41FF0062A5F7FE93DE579078EFFE4A1F89BFEC2B75FF00A35A803D02CFFE482EB3FF0060AB0FFD3A5DD6FF00FF003AAAC0B3FF00920BACFF00D82AC3FF004E9775BFFF00CEAA80303E267FC943F893FF0060AB4FFD1B635BFE19FF009243A7FF00D8A9E21FFD288AB03E267FC943F893FF0060AB4FFD1B635BFE19FF009243A7FF00D8A9E21FFD288A8030346FF9287F16FF00EC15AC7FE8D147C79FF90E49FF006159FF00F48B4FA346FF009287F16FFEC15AC7FE8D147C79FF0090E49FF6159FFF0048B4FA00EFFC77FF001E9E26FF00B0ADD7FE981AB80BCFF920BA37FD82AFFF00F4E9695DFF008EFF00E3D3C4DFF615BAFF00D303570179FF00241746FF00B055FF00FE9D2D2800F899FF00250FE24FFD82AD3FF46D8D73FE2FFF0099FF00FEC6B8BFF6FABA0F899FF250FE24FF00D82AD3FF0046D8D73FE2FF00F99FFF00EC6B8BFF006FA803A0F10FFC96AF09FF00D8564FFD3BDD51E21FF90E784FFEC9FC9FFA457547887FE4B5784FFEC2B27FE9DEEA8F10FF00C873C27FF64FE4FF00D22BAA003C43FF0021CF09FF00D93F93FF0048AEAB7FC7DFF2487C3BFF0062A27FE9469B581E21FF0090E784FF00EC9FC9FF00A45755BFE3EFF9243E1DFF00B1513FF4A34DA003E2E7FC95E83FEC54BEFF00D27BCAF20F1DFF00C943F137FD856EBFF46B57AFFC5CFF0092BD07FD8A97DFFA4F795E41E3BFF9287E26FF00B0ADD7FE8D6A00F40B3FF920BACFFD82AC3FF4E9775BFF00FCEAAB02CFFE482EB3FF0060AB0FFD3A5DD6FF00FF003AAA00C0F899FF00250FE24FFD82AD3FF46D8D6FF867FE490E9FFF0062A7887FF4A22AC0F899FF00250FE24FFD82AD3FF46D8D6FF867FE490E9FFF0062A7887FF4A22A00C0D1BFE4A1FC5BFF00B056B1FF00A3451F1E7FE43927FD8567FF00D22D3E8D1BFE4A1FC5BFFB056B1FFA3451F1E7FE43927FD8567FFD22D3E803BFF1DFFC7A789BFEC2B75FFA606AE02F3FE482E8DFF60ABFFF00D3A5A577FE3BFF008F4F137FD856EBFF004C0D5C05E7FC905D1BFEC157FF00FA74B4A003E267FC943F893FF60AB4FF00D1B635CFF8BFFE67FF00FB1AE2FF00DBEAE83E267FC943F893FF0060AB4FFD1B635CFF008BFF00E67FFF00B1AE2FFDBEA00E83C43FF25ABC27FF0061593FF4EF7547887FE439E13FFB27F27FE915D51E21FF0092D5E13FFB0AC9FF00A77BAA3C43FF0021CF09FF00D93F93FF0048AEA800F10FFC873C27FF0064FE4FFD22BAADFF001F7FC921F0EFFD8A89FF00A51A6D607887FE439E13FF00B27F27FE915D56FF008FBFE490F877FEC544FF00D28D36800F8B9FF257A0FF00B152FBFF0049EF2BC83C77FF00250FC4DFF615BAFF00D1AD5EBFF173FE4AF41FF62A5F7FE93DE579078EFF00E4A1F89BFEC2B75FFA35A803FFD9),
('P-35948504','3434473992003','PEPSI 50CL','SOFT DRINKS','N/A','Active',54,100.00,0xFFD8FFE000104A46494600010101006000600000FFDB004300080606070605080707070909080A0C140D0C0B0B0C1912130F141D1A1F1E1D1A1C1C20242E2720222C231C1C2837292C30313434341F27393D38323C2E333432FFDB0043010909090C0B0C180D0D1832211C213232323232323232323232323232323232323232323232323232323232323232323232323232323232323232323232323232FFC0001108003C007B03012200021101031101FFC4001F0000010501010101010100000000000000000102030405060708090A0BFFC400B5100002010303020403050504040000017D01020300041105122131410613516107227114328191A1082342B1C11552D1F02433627282090A161718191A25262728292A3435363738393A434445464748494A535455565758595A636465666768696A737475767778797A838485868788898A92939495969798999AA2A3A4A5A6A7A8A9AAB2B3B4B5B6B7B8B9BAC2C3C4C5C6C7C8C9CAD2D3D4D5D6D7D8D9DAE1E2E3E4E5E6E7E8E9EAF1F2F3F4F5F6F7F8F9FAFFC4001F0100030101010101010101010000000000000102030405060708090A0BFFC400B51100020102040403040705040400010277000102031104052131061241510761711322328108144291A1B1C109233352F0156272D10A162434E125F11718191A262728292A35363738393A434445464748494A535455565758595A636465666768696A737475767778797A82838485868788898A92939495969798999AA2A3A4A5A6A7A8A9AAB2B3B4B5B6B7B8B9BAC2C3C4C5C6C7C8C9CAD2D3D4D5D6D7D8D9DAE2E3E4E5E6E7E8E9EAF2F3F4F5F6F7F8F9FAFFDA000C03010002110311003F00E7ECFF00E482EB3FF60AB0FF00D3A5DD77F67FF24F359FFB27F61FFA2AEEB80B3FF920BACFFD82AC3FF4E9775DFD9FFC93CD67FEC9FD87FE8ABBA003C3DFF203F167FD9408FF00F4B6D68BCFF92F5A37FD856FFF00F4D7694787BFE407E2CFFB2811FF00E96DAD179FF25EB46FFB0ADFFF00E9AED28039FF008B9FF24860FF00B1AEFBFF004A2F2B0355FF0090E6ABFF00615F15FF00E91256FF00C5CFF924307FD8D77DFF00A5179581AAFF00C87355FF00B0AF8AFF00F4892803D7FC5FFF0033FF00FD8A917FEDF57907887FE4B5784FFEC2B27FE9DEEABD7FC5FF00F33FFF00D8A917FEDF57907887FE4B5784FF00EC2B27FE9DEEA8037FC4DFF257B50FFB1AFC3DFF00A4F2D6078EFF00E49E789BFECA05D7FE8A6ADFF137FC95ED43FEC6BF0F7FE93CB581E3BFF9279E26FF00B28175FF00A29A800F10FF00C96AF09FFD8564FF00D3BDD5179FF241746FFB055FFF00E9D2D28F10FF00C96AF09FFD8564FF00D3BDD5179FF241746FFB055FFF00E9D2D28037FC4DFF00248750FF00B153C3DFFA512D741F1E7FE40727FD82A7FF00D2DD3EB9FF00137FC921D43FEC54F0F7FE944B5D07C79FF901C9FF0060A9FF00F4B74FA00E7FE2E7FC95E83FEC54BEFF00D27BCAF20F1DFF00C943F137FD856EBFF46B57AFFC5CFF0092BD07FD8A97DFFA4F795E41E3BFF9287E26FF00B0ADD7FE8D6A00F40B3FF920BACFFD82AC3FF4E9775DFD9FFC93CD67FEC9FD87FE8ABBAE02CFFE482EB3FF0060AB0FFD3A5DD77F67FF0024F359FF00B27F61FF00A2AEE800F0F7FC80FC59FF0065023FFD2DB5A2F3FE4BD68DFF00615BFF00FD35DA51E1EFF901F8B3FECA047FFA5B6B45E7FC97AD1BFEC2B7FF00FA6BB4A00E7FE2E7FC92183FEC6BBEFF00D28BCAC0D57FE439AAFF00D857C57FFA4495BFF173FE490C1FF635DF7FE945E5606ABFF21CD57FEC2BE2BFFD224A00F5FF0017FF00CCFF00FF0062A45FFB7D5E41E21FF92D5E13FF00B0AC9FFA77BAAF5FF17FFCCFFF00F62A45FF00B7D5E41E21FF0092D5E13FFB0AC9FF00A77BAA00DFF137FC95ED43FEC6BF0F7FE93CB581E3BFF9279E26FF00B28175FF00A29AB7FC4DFF00257B50FF00B1AFC3DFFA4F2D6078EFFE49E789BFECA05D7FE8A6A003C43FF25ABC27FF0061593FF4EF7545E7FC905D1BFEC157FF00FA74B4A3C43FF25ABC27FF0061593FF4EF7545E7FC905D1BFEC157FF00FA74B4A00DFF00137FC921D43FEC54F0F7FE944B5D07C79FF901C9FF0060A9FF00F4B74FAE7FC4DFF248750FFB153C3DFF00A512D741F1E7FE40727FD82A7FFD2DD3E8039FF8B9FF00257A0FFB152FBFF49EF2BC83C77FF250FC4DFF00615BAFFD1AD5EBFF00173FE4AF41FF0062A5F7FE93DE579078EFFE4A1F89BFEC2B75FF00A35A803D02CFFE482EB3FF0060AB0FFD3A5DD77F67FF0024F359FF00B27F61FF00A2AEEB80B3FF00920BACFF00D82AC3FF004E9775DFD9FF00C93CD67FEC9FD87FE8ABBA003C3DFF00203F167FD9408FFF004B6D68BCFF0092F5A37FD856FF00FF004D7694787BFE407E2CFF00B2811FFE96DAD179FF0025EB46FF00B0ADFF00FE9AED28039FF8B9FF0024860FFB1AEFBFF4A2F2B0355FF90E6ABFF615F15FFE91256FFC5CFF00924307FD8D77DFFA5179581AAFFC87355FFB0AF8AFFF004892803D7FC5FF00F33FFF00D8A917FEDF57907887FE4B5784FF00EC2B27FE9DEEABD7FC5FFF0033FF00FD8A917FEDF57907887FE4B5784FFEC2B27FE9DEEA8037FC4DFF00257B50FF00B1AFC3DFFA4F2D6078EFFE49E789BFECA05D7FE8A6ADFF00137FC95ED43FEC6BF0F7FE93CB581E3BFF009279E26FFB28175FFA29A800F10FFC96AF09FF00D8564FFD3BDD5179FF00241746FF00B055FF00FE9D2D28F10FFC96AF09FF00D8564FFD3BDD5179FF00241746FF00B055FF00FE9D2D28037FC4DFF248750FFB153C3DFF00A512D741F1E7FE40727FD82A7FFD2DD3EB9FF137FC921D43FEC54F0F7FE944B5D07C79FF00901C9FF60A9FFF004B74FA00E7FE2E7FC95E83FEC54BEFFD27BCAF20F1DFFC943F137FD856EBFF0046B57AFF00C5CFF92BD07FD8A97DFF00A4F795E41E3BFF009287E26FFB0ADD7FE8D6A00F40B3FF00920BACFF00D82AC3FF004E9775DFD9FF00C93CD67FEC9FD87FE8ABBAE02CFF00E482EB3FF60AB0FF00D3A5DD77F67FF24F359FFB27F61FFA2AEE800F0F7FC80FC59FF65023FF00D2DB5A2F3FE4BD68DFF615BFFF00D35DA51E1EFF00901F8B3FECA047FF00A5B6B45E7FC97AD1BFEC2B7FFF00A6BB4A00E7FE2E7FC92183FEC6BBEFFD28BCAC0D57FE439AAFFD857C57FF00A4495BFF00173FE490C1FF00635DF7FE945E5606ABFF0021CD57FEC2BE2BFF00D224A00F5FF17FFCCFFF00F62A45FF00B7D5E41E21FF0092D5E13FFB0AC9FF00A77BAAF5FF0017FF00CCFF00FF0062A45FFB7D5E41E21FF92D5E13FF00B0AC9FFA77BAA00DFF00137FC95ED43FEC6BF0F7FE93CB581E3BFF009279E26FFB28175FFA29AB7FC4DFF257B50FFB1AFC3DFF00A4F2D6078EFF00E49E789BFECA05D7FE8A6A003C43FF0025ABC27FF61593FF004EF7545E7FC905D1BFEC157FFF00A74B4A3C43FF0025ABC27FF61593FF004EF7545E7FC905D1BFEC157FFF00A74B4A00DFF137FC921D43FEC54F0F7FE944B5D07C79FF00901C9FF60A9FFF004B74FAE7FC4DFF00248750FF00B153C3DFFA512D741F1E7FE40727FD82A7FF00D2DD3E8039FF008B9FF257A0FF00B152FBFF0049EF2BC83C77FF00250FC4DFF615BAFF00D1AD5EBFF173FE4AF41FF62A5F7FE93DE579078EFF00E4A1F89BFEC2B75FFA35A803FFD9),
('P-42232199','5735339393839','LUX SOAP','OTHERS','N/A','Active',44,120.00,0xFFD8FFE000104A46494600010101006000600000FFDB004300080606070605080707070909080A0C140D0C0B0B0C1912130F141D1A1F1E1D1A1C1C20242E2720222C231C1C2837292C30313434341F27393D38323C2E333432FFDB0043010909090C0B0C180D0D1832211C213232323232323232323232323232323232323232323232323232323232323232323232323232323232323232323232323232FFC0001108003C007B03012200021101031101FFC4001F0000010501010101010100000000000000000102030405060708090A0BFFC400B5100002010303020403050504040000017D01020300041105122131410613516107227114328191A1082342B1C11552D1F02433627282090A161718191A25262728292A3435363738393A434445464748494A535455565758595A636465666768696A737475767778797A838485868788898A92939495969798999AA2A3A4A5A6A7A8A9AAB2B3B4B5B6B7B8B9BAC2C3C4C5C6C7C8C9CAD2D3D4D5D6D7D8D9DAE1E2E3E4E5E6E7E8E9EAF1F2F3F4F5F6F7F8F9FAFFC4001F0100030101010101010101010000000000000102030405060708090A0BFFC400B51100020102040403040705040400010277000102031104052131061241510761711322328108144291A1B1C109233352F0156272D10A162434E125F11718191A262728292A35363738393A434445464748494A535455565758595A636465666768696A737475767778797A82838485868788898A92939495969798999AA2A3A4A5A6A7A8A9AAB2B3B4B5B6B7B8B9BAC2C3C4C5C6C7C8C9CAD2D3D4D5D6D7D8D9DAE2E3E4E5E6E7E8E9EAF2F3F4F5F6F7F8F9FAFFDA000C03010002110311003F00E7ECFF00E482EB3FF60AB0FF00D3A5DD1E21FF0090E784FF00EC9FC9FF00A4575459FF00C905D67FEC1561FF00A74BBA3C43FF0021CF09FF00D93F93FF0048AEA803BFF0AFFC93C5FF00B0AE81FF00A2B4DA3E267FC93CF893FF00615B4FFD156347857FE49E2FFD85740FFD15A6D1F133FE49E7C49FFB0ADA7FE8AB1A0013FE407F11FF00EC157BFF00A5BAA50FFF00203F871FF60AB2FF00D2DD2E84FF00901FC47FFB055EFF00E96EA943FF00C80FE1C7FD82ACBFF4B74BA00E03C77FF25EBC4DFF0060ABAFFD35B56FFC5CFF00924307FD8D77DFFA5179581E3BFF0092F5E26FFB055D7FE9ADAB7FE2E7FC92183FEC6BBEFF00D28BCA00E03C7DFF0022C7877FE01FFA6DD36BBFF8DBFF0022C6BBFF00635DBFFE9B63AE03C7DFF22C7877FE01FF00A6DD36BBFF008DBFF22C6BBFF635DBFF00E9B63A00C0F10FFC96AF09FF00D8564FFD3BDD51E0DFF922B73FF615D4BFF4D1351E21FF0092D5E13FFB0AC9FF00A77BAA3C1BFF002456E7FEC2BA97FE9A26A003C43FF21CF09FFD93F93FF48AEAB9FD6BFE467F8A5FF6DFFF004E505741E21FF90E784FFEC9FC9FFA45755CFEB5FF00233FC52FFB6FFF00A7282803BFF8B9FF00257A0FFB152FBFF49EF2BC83C77FF250FC4DFF00615BAFFD1AD5EBFF00173FE4AF41FF0062A5F7FE93DE579078EFFE4A1F89BFEC2B75FF00A35A803D02CFFE482EB3FF0060AB0FFD3A5DD1E21FF90E784FFEC9FC9FFA4575459FFC905D67FEC1561FFA74BBA3C43FF21CF09FFD93F93FF48AEA803BFF000AFF00C93C5FFB0AE81FFA2B4DA3E267FC93CF893FF615B4FF00D156347857FE49E2FF00D85740FF00D15A6D1F133FE49E7C49FF00B0ADA7FE8AB1A0013FE407F11FFEC157BFFA5BAA50FF00F203F871FF0060AB2FFD2DD2E84FF901FC47FF00B055EFFE96EA943FFC80FE1C7FD82ACBFF004B74BA00E03C77FF0025EBC4DFF60ABAFF00D35B56FF00C5CFF924307FD8D77DFF00A5179581E3BFF92F5E26FF00B055D7FE9ADAB7FE2E7FC92183FEC6BBEFFD28BCA00E03C7DFF22C7877FE01FF00A6DD36BBFF008DBFF22C6BBFF635DBFF00E9B63AE03C7DFF0022C7877FE01FFA6DD36BBFF8DBFF0022C6BBFF00635DBFFE9B63A00C0F10FF00C96AF09FFD8564FF00D3BDD51E0DFF00922B73FF00615D4BFF004D1351E21FF92D5E13FF00B0AC9FFA77BAA3C1BFF2456E7FEC2BA97FE9A26A003C43FF0021CF09FF00D93F93FF0048AEAB9FD6BFE467F8A5FF006DFF00F4E505741E21FF0090E784FF00EC9FC9FF00A45755CFEB5FF233FC52FF00B6FF00FA7282803BFF008B9FF257A0FF00B152FBFF0049EF2BC83C77FF00250FC4DFF615BAFF00D1AD5EBFF173FE4AF41FF62A5F7FE93DE579078EFF00E4A1F89BFEC2B75FFA35A803D02CFF00E482EB3FF60AB0FF00D3A5DD1E21FF0090E784FF00EC9FC9FF00A4575459FF00C905D67FEC1561FF00A74BBA3C43FF0021CF09FF00D93F93FF0048AEA803BFF0AFFC93C5FF00B0AE81FF00A2B4DA3E267FC93CF893FF00615B4FFD156347857FE49E2FFD85740FFD15A6D1F133FE49E7C49FFB0ADA7FE8AB1A0013FE407F11FF00EC157BFF00A5BAA50FFF00203F871FF60AB2FF00D2DD2E84FF00901FC47FFB055EFF00E96EA943FF00C80FE1C7FD82ACBFF4B74BA00E03C77FF25EBC4DFF0060ABAFFD35B56FFC5CFF00924307FD8D77DFFA5179581E3BFF0092F5E26FFB055D7FE9ADAB7FE2E7FC92183FEC6BBEFF00D28BCA00E03C7DFF0022C7877FE01FFA6DD36BBFF8DBFF0022C6BBFF00635DBFFE9B63AE03C7DFF22C7877FE01FF00A6DD36BBFF008DBFF22C6BBFF635DBFF00E9B63A00C0F10FFC96AF09FF00D8564FFD3BDD51E0DFF922B73FF615D4BFF4D1351E21FF0092D5E13FFB0AC9FF00A77BAA3C1BFF002456E7FEC2BA97FE9A26A003C43FF21CF09FFD93F93FF48AEAB9FD6BFE467F8A5FF6DFFF004E505741E21FF90E784FFEC9FC9FFA45755CFEB5FF00233FC52FFB6FFF00A7282803BFF8B9FF00257A0FFB152FBFF49EF2BC83C77FF250FC4DFF00615BAFFD1AD5EBFF00173FE4AF41FF0062A5F7FE93DE579078EFFE4A1F89BFEC2B75FF00A35A803D02CFFE482EB3FF0060AB0FFD3A5DD1E21FF90E784FFEC9FC9FFA4575459FFC905D67FEC1561FFA74BBA3C43FF21CF09FFD93F93FF48AEA803BFF000AFF00C93C5FFB0AE81FFA2B4DA3E267FC93CF893FF615B4FF00D156347857FE49E2FF00D85740FF00D15A6D1F133FE49E7C49FF00B0ADA7FE8AB1A0013FE407F11FFEC157BFFA5BAA50FF00F203F871FF0060AB2FFD2DD2E84FF901FC47FF00B055EFFE96EA943FFC80FE1C7FD82ACBFF004B74BA00E03C77FF0025EBC4DFF60ABAFF00D35B56FF00C5CFF924307FD8D77DFF00A5179581E3BFF92F5E26FF00B055D7FE9ADAB7FE2E7FC92183FEC6BBEFFD28BCA00E03C7DFF22C7877FE01FF00A6DD36BBFF008DBFF22C6BBFF635DBFF00E9B63AE03C7DFF0022C7877FE01FFA6DD36BBFF8DBFF0022C6BBFF00635DBFFE9B63A00C0F10FF00C96AF09FFD8564FF00D3BDD51E0DFF00922B73FF00615D4BFF004D1351E21FF92D5E13FF00B0AC9FFA77BAA3C1BFF2456E7FEC2BA97FE9A26A003C43FF0021CF09FF00D93F93FF0048AEAB9FD6BFE467F8A5FF006DFF00F4E505741E21FF0090E784FF00EC9FC9FF00A45755CFEB5FF233FC52FF00B6FF00FA7282803BFF008B9FF257A0FF00B152FBFF0049EF2BC83C77FF00250FC4DFF615BAFF00D1AD5EBFF173FE4AF41FF62A5F7FE93DE579078EFF00E4A1F89BFEC2B75FFA35A803FFD9),
('P-59447964','2972991882911','COCA COLA 50CL','SOFT DRINKS','N/A','Active',115,70.00,0xFFD8FFE000104A46494600010101006000600000FFDB004300080606070605080707070909080A0C140D0C0B0B0C1912130F141D1A1F1E1D1A1C1C20242E2720222C231C1C2837292C30313434341F27393D38323C2E333432FFDB0043010909090C0B0C180D0D1832211C213232323232323232323232323232323232323232323232323232323232323232323232323232323232323232323232323232FFC0001108003C007B03012200021101031101FFC4001F0000010501010101010100000000000000000102030405060708090A0BFFC400B5100002010303020403050504040000017D01020300041105122131410613516107227114328191A1082342B1C11552D1F02433627282090A161718191A25262728292A3435363738393A434445464748494A535455565758595A636465666768696A737475767778797A838485868788898A92939495969798999AA2A3A4A5A6A7A8A9AAB2B3B4B5B6B7B8B9BAC2C3C4C5C6C7C8C9CAD2D3D4D5D6D7D8D9DAE1E2E3E4E5E6E7E8E9EAF1F2F3F4F5F6F7F8F9FAFFC4001F0100030101010101010101010000000000000102030405060708090A0BFFC400B51100020102040403040705040400010277000102031104052131061241510761711322328108144291A1B1C109233352F0156272D10A162434E125F11718191A262728292A35363738393A434445464748494A535455565758595A636465666768696A737475767778797A82838485868788898A92939495969798999AA2A3A4A5A6A7A8A9AAB2B3B4B5B6B7B8B9BAC2C3C4C5C6C7C8C9CAD2D3D4D5D6D7D8D9DAE2E3E4E5E6E7E8E9EAF2F3F4F5F6F7F8F9FAFFDA000C03010002110311003F00E7ECFF00E482EB3FF60AB0FF00D3A5DD6FE8BFF257BE16FF00D8A907FE93CF58167FF241759FFB05587FE9D2EEB7F45FF92BDF0B7FEC5483FF0049E7A003C21FF2247803FEDAFF00E9EAC6BA0D1BFE49E7C5BFFB0AEB1FFA28573FE10FF9123C01FF006D7FF4F5635D068DFF0024F3E2DFFD85758FFD14280380F157FC9436FF00B056BFFF00A3752A3E0F7FC873C13FF615D5FF00F48A0A3C55FF00250DBFEC15AFFF00E8DD4A8F83DFF21CF04FFD85757FFD2282800F06FF00C915B9FF00B0AEA5FF00A689AB7FE36FFC8B1AEFFD8D76FF00FA6D8EB03C1BFF002456E7FEC2BA97FE9A26ADFF008DBFF22C6BBFF635DBFF00E9B63A00E03FE677FF00B953FF0070B4789BFE458D43FEE5EFFD36CB47FCCEFF00F72A7FEE168F137FC8B1A87FDCBDFF00A6D96803A0F10FFC96AF09FF00D8564FFD3BDD56FE8BFF00257BE16FFD8A907FE93CF581E21FF92D5E13FF00B0AC9FFA77BAADFD17FE4AF7C2DFFB1520FF00D279E80380D17FE467F85BFF006C3FF4E53D1A4FFC921D4FFEDF3FF4A34AA345FF00919FE16FFDB0FF00D394F4693FF248753FFB7CFF00D28D2A803BFF008B9FF257A0FF00B152FBFF0049EF2BC83C77FF00250FC4DFF615BAFF00D1AD5EBFF173FE4AF41FF62A5F7FE93DE579078EFF00E4A1F89BFEC2B75FFA35A803D02CFF00E482EB3FF60AB0FF00D3A5DD6FE8BFF257BE16FF00D8A907FE93CF58167FF241759FFB05587FE9D2EEB7F45FF92BDF0B7FEC5483FF0049E7A003C21FF2247803FEDAFF00E9EAC6BA0D1BFE49E7C5BFFB0AEB1FFA28573FE10FF9123C01FF006D7FF4F5635D068DFF0024F3E2DFFD85758FFD14280380F157FC9436FF00B056BFFF00A3752A3E0F7FC873C13FF615D5FF00F48A0A3C55FF00250DBFEC15AFFF00E8DD4A8F83DFF21CF04FFD85757FFD2282800F06FF00C915B9FF00B0AEA5FF00A689AB7FE36FFC8B1AEFFD8D76FF00FA6D8EB03C1BFF002456E7FEC2BA97FE9A26ADFF008DBFF22C6BBFF635DBFF00E9B63A00E03FE677FF00B953FF0070B4789BFE458D43FEE5EFFD36CB47FCCEFF00F72A7FEE168F137FC8B1A87FDCBDFF00A6D96803A0F10FFC96AF09FF00D8564FFD3BDD56FE8BFF00257BE16FFD8A907FE93CF581E21FF92D5E13FF00B0AC9FFA77BAADFD17FE4AF7C2DFFB1520FF00D279E80380D17FE467F85BFF006C3FF4E53D1A4FFC921D4FFEDF3FF4A34AA345FF00919FE16FFDB0FF00D394F4693FF248753FFB7CFF00D28D2A803BFF008B9FF257A0FF00B152FBFF0049EF2BC83C77FF00250FC4DFF615BAFF00D1AD5EBFF173FE4AF41FF62A5F7FE93DE579078EFF00E4A1F89BFEC2B75FFA35A803D02CFF00E482EB3FF60AB0FF00D3A5DD6FE8BFF257BE16FF00D8A907FE93CF58167FF241759FFB05587FE9D2EEB7F45FF92BDF0B7FEC5483FF0049E7A003C21FF2247803FEDAFF00E9EAC6BA0D1BFE49E7C5BFFB0AEB1FFA28573FE10FF9123C01FF006D7FF4F5635D068DFF0024F3E2DFFD85758FFD14280380F157FC9436FF00B056BFFF00A3752A3E0F7FC873C13FF615D5FF00F48A0A3C55FF00250DBFEC15AFFF00E8DD4A8F83DFF21CF04FFD85757FFD2282800F06FF00C915B9FF00B0AEA5FF00A689AB7FE36FFC8B1AEFFD8D76FF00FA6D8EB03C1BFF002456E7FEC2BA97FE9A26ADFF008DBFF22C6BBFF635DBFF00E9B63A00E03FE677FF00B953FF0070B4789BFE458D43FEE5EFFD36CB47FCCEFF00F72A7FEE168F137FC8B1A87FDCBDFF00A6D96803A0F10FFC96AF09FF00D8564FFD3BDD56FE8BFF00257BE16FFD8A907FE93CF581E21FF92D5E13FF00B0AC9FFA77BAADFD17FE4AF7C2DFFB1520FF00D279E80380D17FE467F85BFF006C3FF4E53D1A4FFC921D4FFEDF3FF4A34AA345FF00919FE16FFDB0FF00D394F4693FF248753FFB7CFF00D28D2A803BFF008B9FF257A0FF00B152FBFF0049EF2BC83C77FF00250FC4DFF615BAFF00D1AD5EBFF173FE4AF41FF62A5F7FE93DE579078EFF00E4A1F89BFEC2B75FFA35A803D02CFF00E482EB3FF60AB0FF00D3A5DD6FE8BFF257BE16FF00D8A907FE93CF58167FF241759FFB05587FE9D2EEB7F45FF92BDF0B7FEC5483FF0049E7A003C21FF2247803FEDAFF00E9EAC6BA0D1BFE49E7C5BFFB0AEB1FFA28573FE10FF9123C01FF006D7FF4F5635D068DFF0024F3E2DFFD85758FFD14280380F157FC9436FF00B056BFFF00A3752A3E0F7FC873C13FF615D5FF00F48A0A3C55FF00250DBFEC15AFFF00E8DD4A8F83DFF21CF04FFD85757FFD2282800F06FF00C915B9FF00B0AEA5FF00A689AB7FE36FFC8B1AEFFD8D76FF00FA6D8EB03C1BFF002456E7FEC2BA97FE9A26ADFF008DBFF22C6BBFF635DBFF00E9B63A00E03FE677FF00B953FF0070B4789BFE458D43FEE5EFFD36CB47FCCEFF00F72A7FEE168F137FC8B1A87FDCBDFF00A6D96803A0F10FFC96AF09FF00D8564FFD3BDD56FE8BFF00257BE16FFD8A907FE93CF581E21FF92D5E13FF00B0AC9FFA77BAADFD17FE4AF7C2DFFB1520FF00D279E80380D17FE467F85BFF006C3FF4E53D1A4FFC921D4FFEDF3FF4A34AA345FF00919FE16FFDB0FF00D394F4693FF248753FFB7CFF00D28D2A803BFF008B9FF257A0FF00B152FBFF0049EF2BC83C77FF00250FC4DFF615BAFF00D1AD5EBFF173FE4AF41FF62A5F7FE93DE579078EFF00E4A1F89BFEC2B75FFA35A803FFD9),
('P-65948223','2922728229918','BLACK SOAP','OTHERS','N/A','Active',39,400.00,0xFFD8FFE000104A46494600010101006000600000FFDB004300080606070605080707070909080A0C140D0C0B0B0C1912130F141D1A1F1E1D1A1C1C20242E2720222C231C1C2837292C30313434341F27393D38323C2E333432FFDB0043010909090C0B0C180D0D1832211C213232323232323232323232323232323232323232323232323232323232323232323232323232323232323232323232323232FFC0001108003C007B03012200021101031101FFC4001F0000010501010101010100000000000000000102030405060708090A0BFFC400B5100002010303020403050504040000017D01020300041105122131410613516107227114328191A1082342B1C11552D1F02433627282090A161718191A25262728292A3435363738393A434445464748494A535455565758595A636465666768696A737475767778797A838485868788898A92939495969798999AA2A3A4A5A6A7A8A9AAB2B3B4B5B6B7B8B9BAC2C3C4C5C6C7C8C9CAD2D3D4D5D6D7D8D9DAE1E2E3E4E5E6E7E8E9EAF1F2F3F4F5F6F7F8F9FAFFC4001F0100030101010101010101010000000000000102030405060708090A0BFFC400B51100020102040403040705040400010277000102031104052131061241510761711322328108144291A1B1C109233352F0156272D10A162434E125F11718191A262728292A35363738393A434445464748494A535455565758595A636465666768696A737475767778797A82838485868788898A92939495969798999AA2A3A4A5A6A7A8A9AAB2B3B4B5B6B7B8B9BAC2C3C4C5C6C7C8C9CAD2D3D4D5D6D7D8D9DAE2E3E4E5E6E7E8E9EAF2F3F4F5F6F7F8F9FAFFDA000C03010002110311003F00E7ECFF00E482EB3FF60AB0FF00D3A5DD6FE8BFF257BE16FF00D8A907FE93CF58167FF241759FFB05587FE9D2EEB7F45FF92BDF0B7FEC5483FF0049E7A00C0BCFF920BA37FD82AFFF00F4E9695BFA8FFC9C2F88FF00EE15FF00A57A7D605E7FC905D1BFEC157FFF00A74B4ADFD47FE4E17C47FF0070AFFD2BD3E803A08BFE4A1F80BFEC2BE24FFD1B2D1E25FF0090E78E7FEC15AB7FE91699445FF250FC05FF00615F127FE8D968F12FFC873C73FF0060AD5BFF0048B4CA00E03C77FF0025EBC4DFF60ABAFF00D35B56FF00C3FF00F9A3BFF71AFF00D9AB03C77FF25EBC4DFF0060ABAFFD35B56FFC3FFF009A3BFF0071AFFD9A80380FF99DFF00EE54FF00DC2D1E26FF00916350FF00B97BFF004DB2D1FF0033BFFDCA9FFB85A3C4DFF22C6A1FF72F7FE9B65A00E83C43FF0025ABC27FF61593FF004EF7547C37FF009279AE7FD82B5DFF00D156147887FE4B5784FF00EC2B27FE9DEEA8F86FFF0024F35CFF00B056BBFF00A2AC2800F891FF0024F343FF00B05685FF00A2AFEB7FE36FFC8CFAEFFD8A96FF00FA728EB03E247FC93CD0FF00EC15A17FE8ABFADFF8DBFF00233EBBFF0062A5BFFE9CA3A003E2E7FC95E83FEC54BEFF00D27BCAF20F1DFF00C943F137FD856EBFF46B57AFFC5CFF0092BD07FD8A97DFFA4F795E41E3BFF9287E26FF00B0ADD7FE8D6A00F40B3FF920BACFFD82AC3FF4E9775BFA2FFC95EF85BFF62A41FF00A4F3D6059FFC905D67FEC1561FFA74BBADFD17FE4AF7C2DFFB1520FF00D279E80302F3FE482E8DFF0060ABFF00FD3A5A56FEA3FF00270BE23FFB857FE95E9F58179FF241746FFB055FFF00E9D2D2B7F51FF9385F11FF00DC2BFF004AF4FA00E822FF009287E02FFB0AF893FF0046CB47897FE439E39FFB056ADFFA45A65117FC943F017FD857C49FFA365A3C4BFF0021CF1CFF00D82B56FF00D22D3280380F1DFF00C97AF137FD82AEBFF4D6D5BFF0FF00FE68EFFDC6BFF66AC0F1DFFC97AF137FD82AEBFF004D6D5BFF000FFF00E68EFF00DC6BFF0066A00E03FE677FFB953FF70B4789BFE458D43FEE5EFF00D36CB47FCCEFFF0072A7FEE168F137FC8B1A87FDCBDFFA6D96803A0F10FF00C96AF09FFD8564FF00D3BDD51F0DFF00E49E6B9FF60AD77FF455851E21FF0092D5E13FFB0AC9FF00A77BAA3E1BFF00C93CD73FEC15AEFF00E8AB0A003E247FC93CD0FF00EC15A17FE8ABFADFF8DBFF00233EBBFF0062A5BFFE9CA3AC0F891FF24F343FFB05685FFA2AFEB7FE36FF00C8CFAEFF00D8A96FFF00A728E800F8B9FF00257A0FFB152FBFF49EF2BC83C77FF250FC4DFF00615BAFFD1AD5EBFF00173FE4AF41FF0062A5F7FE93DE579078EFFE4A1F89BFEC2B75FF00A35A803D02CFFE482EB3FF0060AB0FFD3A5DD6FE8BFF00257BE16FFD8A907FE93CF58167FF00241759FF00B05587FE9D2EEB7F45FF0092BDF0B7FEC5483FF49E7A00C0BCFF00920BA37FD82AFF00FF004E9695BFA8FF00C9C2F88FFEE15FFA57A7D605E7FC905D1BFEC157FF00FA74B4ADFD47FE4E17C47FF70AFF00D2BD3E803A08BFE4A1F80BFEC2BE24FF00D1B2D1E25FF90E78E7FEC15AB7FE91699445FF00250FC05FF615F127FE8D968F12FF00C873C73FF60AD5BFF48B4CA00E03C77FF25EBC4DFF0060ABAFFD35B56FFC3FFF009A3BFF0071AFFD9AB03C77FF0025EBC4DFF60ABAFF00D35B56FF00C3FF00F9A3BFF71AFF00D9A80380FF0099DFFEE54FFDC2D1E26FF916350FFB97BFF4DB2D1FF33BFF00DCA9FF00B85A3C4DFF0022C6A1FF0072F7FE9B65A00E83C43FF25ABC27FF0061593FF4EF7547C37FF9279AE7FD82B5DFFD156147887FE4B5784FFEC2B27FE9DEEA8F86FF00F24F35CFFB056BBFFA2AC2800F891FF24F343FFB05685FFA2AFEB7FE36FF00C8CFAEFF00D8A96FFF00A728EB03E247FC93CD0FFEC15A17FE8ABFADFF008DBFF233EBBFF62A5BFF00E9CA3A003E2E7FC95E83FEC54BEFFD27BCAF20F1DFFC943F137FD856EBFF0046B57AFF00C5CFF92BD07FD8A97DFF00A4F795E41E3BFF009287E26FFB0ADD7FE8D6A00F40B3FF00920BACFF00D82AC3FF004E9775BFA2FF00C95EF85BFF0062A41FFA4F3D6059FF00C905D67FEC1561FF00A74BBADFD17FE4AF7C2DFF00B1520FFD279E80302F3FE482E8DFF60ABFFF00D3A5A56FEA3FF270BE23FF00B857FE95E9F58179FF00241746FF00B055FF00FE9D2D2B7F51FF009385F11FFDC2BFF4AF4FA00E822FF9287E02FF00B0AF893FF46CB47897FE439E39FF00B056ADFF00A45A65117FC943F017FD857C49FF00A365A3C4BFF21CF1CFFD82B56FFD22D3280380F1DFFC97AF137FD82AEBFF004D6D5BFF000FFF00E68EFF00DC6BFF0066AC0F1DFF00C97AF137FD82AEBFF4D6D5BFF0FF00FE68EFFDC6BFF66A00E03FE677FF00B953FF0070B4789BFE458D43FEE5EFFD36CB47FCCEFF00F72A7FEE168F137FC8B1A87FDCBDFF00A6D96803A0F10FFC96AF09FF00D8564FFD3BDD51F0DFFE49E6B9FF0060AD77FF00455851E21FF92D5E13FF00B0AC9FFA77BAA3E1BFFC93CD73FEC15AEFFE8AB0A003E247FC93CD0FFEC15A17FE8ABFADFF008DBFF233EBBFF62A5BFF00E9CA3AC0F891FF0024F343FF00B05685FF00A2AFEB7FE36FFC8CFAEFFD8A96FF00FA728E800F8B9FF257A0FF00B152FBFF0049EF2BC83C77FF00250FC4DFF615BAFF00D1AD5EBFF173FE4AF41FF62A5F7FE93DE579078EFF00E4A1F89BFEC2B75FFA35A803FFD9),
('P-74565216','4252542432564','CORN FLAKES','OTHERS','N/A','In-Active',50,0.00,0xFFD8FFE000104A46494600010101006000600000FFDB004300080606070605080707070909080A0C140D0C0B0B0C1912130F141D1A1F1E1D1A1C1C20242E2720222C231C1C2837292C30313434341F27393D38323C2E333432FFDB0043010909090C0B0C180D0D1832211C213232323232323232323232323232323232323232323232323232323232323232323232323232323232323232323232323232FFC0001108003C007B03012200021101031101FFC4001F0000010501010101010100000000000000000102030405060708090A0BFFC400B5100002010303020403050504040000017D01020300041105122131410613516107227114328191A1082342B1C11552D1F02433627282090A161718191A25262728292A3435363738393A434445464748494A535455565758595A636465666768696A737475767778797A838485868788898A92939495969798999AA2A3A4A5A6A7A8A9AAB2B3B4B5B6B7B8B9BAC2C3C4C5C6C7C8C9CAD2D3D4D5D6D7D8D9DAE1E2E3E4E5E6E7E8E9EAF1F2F3F4F5F6F7F8F9FAFFC4001F0100030101010101010101010000000000000102030405060708090A0BFFC400B51100020102040403040705040400010277000102031104052131061241510761711322328108144291A1B1C109233352F0156272D10A162434E125F11718191A262728292A35363738393A434445464748494A535455565758595A636465666768696A737475767778797A82838485868788898A92939495969798999AA2A3A4A5A6A7A8A9AAB2B3B4B5B6B7B8B9BAC2C3C4C5C6C7C8C9CAD2D3D4D5D6D7D8D9DAE2E3E4E5E6E7E8E9EAF2F3F4F5F6F7F8F9FAFFDA000C03010002110311003F00E7ECFF00E482EB3FF60AB0FF00D3A5DD6FDEFF00CD3DFF00B963FF006F2B02CFFE482EB3FF0060AB0FFD3A5DD6FDEFFCD3DFFB963FF6F280303C3DFF0026BDE2CFFB0AC7FF00A15AD6FF0086FF00E6BA7FDBCFFEDD560787BFE4D7BC59FF006158FF00F42B5ADFF0DFFCD74FFB79FF00DBAA00C04FF90E7C47FF00B0ADEFFE916A95BFE24FF9A17FF6EDFF00B6B5809FF21CF88FFF00615BDFFD22D52B7FC49FF342FF00EDDBFF006D6800FF00E755478B7FE458F875FF0062A6A7FF00A6D5A3FF009D551E2DFF009163E1D7FD8A9A9FFE9B56800F847FF257A7FF00B152C7FF0049ECEB80F137FC8B1A87FDCBDFFA6D96BBFF00847FF257A7FF00B152C7FF0049ECEB80F137FC8B1A87FDCBDFFA6D96803A0F10FF00C96AF09FFD8564FF00D3BDD56FF867FE490E9FFF0062A7887FF4A22AC0F10FFC96AF09FF00D8564FFD3BDD56FF00867FE490E9FF00F62A7887FF004A22A00C0F06FF00C80EE7FEC9FEA5FF00A5B35179FF00241746FF00B055FF00FE9D2D28F06FFC80EE7FEC9FEA5FFA5B35179FF241746FFB055FFF00E9D2D28037FE2E7FC95E83FEC54BEFFD27BCAF20F1DFFC943F137FD856EBFF0046B57AFF00C5CFF92BD07FD8A97DFF00A4F795E41E3BFF009287E26FFB0ADD7FE8D6A00F40B3FF00920BACFF00D82AC3FF004E9775BF7BFF0034F7FEE58FFDBCAC0B3FF920BACFFD82AC3FF4E9775BF7BFF34F7FEE58FF00DBCA00C0F0F7FC9AF78B3FEC2B1FFE856B5BFE1BFF009AE9FF006F3FFB75581E1EFF00935EF167FD8563FF00D0AD6B7FC37FF35D3FEDE7FF006EA803013FE439F11FFEC2B7BFFA45AA56FF00893FE685FF00DBB7FEDAD6027FC873E23FFD856F7FF48B54ADFF00127FCD0BFF00B76FFDB5A003FF009D551E2DFF009163E1D7FD8A9A9FFE9B568FFE755478B7FE458F875FF62A6A7FFA6D5A003E11FF00C95E9FFEC54B1FFD27B3AE03C4DFF22C6A1FF72F7FE9B65AEFFE11FF00C95E9FFEC54B1FFD27B3AE03C4DFF22C6A1FF72F7FE9B65A00E83C43FF0025ABC27FF61593FF004EF755BFE19FF9243A7FFD8A9E21FF00D288AB03C43FF25ABC27FF0061593FF4EF755BFE19FF009243A7FF00D8A9E21FFD288A80303C1BFF00203B9FFB27FA97FE96CD45E7FC905D1BFEC157FF00FA74B4A3C1BFF203B9FF00B27FA97FE96CD45E7FC905D1BFEC157FFF00A74B4A00DFF8B9FF00257A0FFB152FBFF49EF2BC83C77FF250FC4DFF00615BAFFD1AD5EBFF00173FE4AF41FF0062A5F7FE93DE579078EFFE4A1F89BFEC2B75FF00A35A803D02CFFE482EB3FF0060AB0FFD3A5DD6FDEFFCD3DFFB963FF6F2B02CFF00E482EB3FF60AB0FF00D3A5DD6FDEFF00CD3DFF00B963FF006F280303C3DFF26BDE2CFF00B0AC7FFA15AD6FF86FFE6BA7FDBCFF00EDD560787BFE4D7BC59FF6158FFF0042B5ADFF000DFF00CD74FF00B79FFDBAA00C04FF0090E7C47FFB0ADEFF00E916A95BFE24FF009A17FF006EDFFB6B5809FF0021CF88FF00F615BDFF00D22D52B7FC49FF00342FFEDDBFF6D6800FFE755478B7FE458F875FF62A6A7FFA6D5A3FF9D551E2DFF9163E1D7FD8A9A9FF00E9B56800F847FF00257A7FFB152C7FF49ECEB80F137FC8B1A87FDCBDFF00A6D96BBFF847FF00257A7FFB152C7FF49ECEB80F137FC8B1A87FDCBDFF00A6D96803A0F10FFC96AF09FF00D8564FFD3BDD56FF00867FE490E9FF00F62A7887FF004A22AC0F10FF00C96AF09FFD8564FF00D3BDD56FF867FE490E9FFF0062A7887FF4A22A00C0F06FFC80EE7FEC9FEA5FFA5B35179FF241746FFB055FFF00E9D2D28F06FF00C80EE7FEC9FEA5FF00A5B35179FF00241746FF00B055FF00FE9D2D28037FE2E7FC95E83FEC54BEFF00D27BCAF20F1DFF00C943F137FD856EBFF46B57AFFC5CFF0092BD07FD8A97DFFA4F795E41E3BFF9287E26FF00B0ADD7FE8D6A00F40B3FF920BACFFD82AC3FF4E9775BF7BFF34F7FEE58FF00DBCAC0B3FF00920BACFF00D82AC3FF004E9775BF7BFF0034F7FEE58FFDBCA00C0F0F7FC9AF78B3FEC2B1FF00E856B5BFE1BFF9AE9FF6F3FF00B75581E1EFF935EF167FD8563FFD0AD6B7FC37FF0035D3FEDE7FF6EA803013FE439F11FF00EC2B7BFF00A45AA56FF893FE685FFDBB7FEDAD6027FC873E23FF00D856F7FF0048B54ADFF127FCD0BFFB76FF00DB5A003FF9D551E2DFF9163E1D7FD8A9A9FF00E9B568FF00E755478B7FE458F875FF0062A6A7FF00A6D5A003E11FFC95E9FF00EC54B1FF00D27B3AE03C4DFF0022C6A1FF0072F7FE9B65AEFF00E11FFC95E9FF00EC54B1FF00D27B3AE03C4DFF0022C6A1FF0072F7FE9B65A00E83C43FF25ABC27FF0061593FF4EF755BFE19FF009243A7FF00D8A9E21FFD288AB03C43FF0025ABC27FF61593FF004EF755BFE19FF9243A7FFD8A9E21FF00D288A80303C1BFF203B9FF00B27FA97FE96CD45E7FC905D1BFEC157FFF00A74B4A3C1BFF00203B9FFB27FA97FE96CD45E7FC905D1BFEC157FF00FA74B4A00DFF008B9FF257A0FF00B152FBFF0049EF2BC83C77FF00250FC4DFF615BAFF00D1AD5EBFF173FE4AF41FF62A5F7FE93DE579078EFF00E4A1F89BFEC2B75FFA35A803FFD9),
('P-85812424','2326172628928','SONAWAP WATER','OTHERS','N/A','In-Active',50,0.00,0xFFD8FFE000104A46494600010101006000600000FFDB004300080606070605080707070909080A0C140D0C0B0B0C1912130F141D1A1F1E1D1A1C1C20242E2720222C231C1C2837292C30313434341F27393D38323C2E333432FFDB0043010909090C0B0C180D0D1832211C213232323232323232323232323232323232323232323232323232323232323232323232323232323232323232323232323232FFC0001108003C007B03012200021101031101FFC4001F0000010501010101010100000000000000000102030405060708090A0BFFC400B5100002010303020403050504040000017D01020300041105122131410613516107227114328191A1082342B1C11552D1F02433627282090A161718191A25262728292A3435363738393A434445464748494A535455565758595A636465666768696A737475767778797A838485868788898A92939495969798999AA2A3A4A5A6A7A8A9AAB2B3B4B5B6B7B8B9BAC2C3C4C5C6C7C8C9CAD2D3D4D5D6D7D8D9DAE1E2E3E4E5E6E7E8E9EAF1F2F3F4F5F6F7F8F9FAFFC4001F0100030101010101010101010000000000000102030405060708090A0BFFC400B51100020102040403040705040400010277000102031104052131061241510761711322328108144291A1B1C109233352F0156272D10A162434E125F11718191A262728292A35363738393A434445464748494A535455565758595A636465666768696A737475767778797A82838485868788898A92939495969798999AA2A3A4A5A6A7A8A9AAB2B3B4B5B6B7B8B9BAC2C3C4C5C6C7C8C9CAD2D3D4D5D6D7D8D9DAE2E3E4E5E6E7E8E9EAF2F3F4F5F6F7F8F9FAFFDA000C03010002110311003F00E7ECFF00E482EB3FF60AB0FF00D3A5DD1E21FF0090E784FF00EC9FC9FF00A4575459FF00C905D67FEC1561FF00A74BBA3C43FF0021CF09FF00D93F93FF0048AEA8039FD47FE663FF00B1534AFF00DC7D77FE26FF009243A87FD8A9E1EFFD2896B80D47FE663FFB1534AFFDC7D77FE26FF9243A87FD8A9E1EFF00D2896800F16FFC8CFF000EBFEC6BD4FF00F4E4B58179FF00250F46FF00B2817FFF00A36D2B7FC5BFF233FC3AFF00B1AF53FF00D392D605E7FC943D1BFECA05FF00FE8DB4A00DFF001B7FCC23FEE6EFFDAF58117FC93CF017FD82BC49FF00A2A5ADFF001B7FCC23FEE6EFFDAF58117FC93CF017FD82BC49FF00A2A5A00DFF008AFF00F3387FDB4FFDC35607887FE4D7BC27FF0061593FF42BAADFF8AFFF003387FDB4FF00DC35607887FE4D7BC27FF61593FF0042BAA003C43FF25ABC27FF0061593FF4EF7547C37FF9279AE7FD82B5DFFD156147887FE4B5784FFEC2B27FE9DEEA8F86FF00F24F35CFFB056BBFFA2AC28037FC4DFF00248750FF00B153C3DFFA512D741F1E7FE40727FD82A7FF00D2DD3EB9FF00137FC921D43FEC54F0F7FE944B5D07C79FF901C9FF0060A9FF00F4B74FA00E7FE2E7FC95E83FEC54BEFF00D27BCAF20F1DFF00C943F137FD856EBFF46B57AFFC5CFF0092BD07FD8A97DFFA4F795E41E3BFF9287E26FF00B0ADD7FE8D6A00F40B3FF920BACFFD82AC3FF4E97747887FE439E13FFB27F27FE915D5167FF241759FFB05587FE9D2EE8F10FF00C873C27FF64FE4FF00D22BAA00E7F51FF998FF00EC54D2BFF71F5DFF0089BFE490EA1FF62A787BFF004A25AE0351FF00998FFEC54D2BFF0071F5DFF89BFE490EA1FF0062A787BFF4A25A003C5BFF00233FC3AFFB1AF53FFD392D605E7FC943D1BFECA05FFF00E8DB4ADFF16FFC8CFF000EBFEC6BD4FF00F4E4B58179FF00250F46FF00B2817FFF00A36D28037FC6DFF308FF00B9BBFF006BD6045FF24F3C05FF0060AF127FE8A96B7FC6DFF308FF00B9BBFF006BD6045FF24F3C05FF0060AF127FE8A968037FE2BFFCCE1FF6D3FF0070D581E21FF935EF09FF00D8564FFD0AEAB7FE2BFF00CCE1FF006D3FF70D581E21FF00935EF09FFD8564FF00D0AEA800F10FFC96AF09FF00D8564FFD3BDD51F0DFFE49E6B9FF0060AD77FF00455851E21FF92D5E13FF00B0AC9FFA77BAA3E1BFFC93CD73FEC15AEFFE8AB0A00DFF00137FC921D43FEC54F0F7FE944B5D07C79FF901C9FF0060A9FF00F4B74FAE7FC4DFF248750FFB153C3DFF00A512D741F1E7FE40727FD82A7FFD2DD3E8039FF8B9FF00257A0FFB152FBFF49EF2BC83C77FF250FC4DFF00615BAFFD1AD5EBFF00173FE4AF41FF0062A5F7FE93DE579078EFFE4A1F89BFEC2B75FF00A35A803D02CFFE482EB3FF0060AB0FFD3A5DD1E21FF90E784FFEC9FC9FFA4575459FFC905D67FEC1561FFA74BBA3C43FF21CF09FFD93F93FF48AEA8039FD47FE663FFB1534AFFDC7D77FE26FF9243A87FD8A9E1EFF00D2896B80D47FE663FF00B1534AFF00DC7D77FE26FF009243A87FD8A9E1EFFD2896800F16FF00C8CFF0EBFEC6BD4FFF004E4B58179FF250F46FFB2817FF00FA36D2B7FC5BFF00233FC3AFFB1AF53FFD392D605E7FC943D1BFECA05FFF00E8DB4A00DFF1B7FCC23FEE6EFF00DAF58117FC93CF017FD82BC49FFA2A5ADFF1B7FCC23FEE6EFF00DAF58117FC93CF017FD82BC49FFA2A5A00DFF8AFFF003387FDB4FF00DC35607887FE4D7BC27FF61593FF0042BAADFF008AFF00F3387FDB4FFDC35607887FE4D7BC27FF0061593FF42BAA003C43FF0025ABC27FF61593FF004EF7547C37FF009279AE7FD82B5DFF00D156147887FE4B5784FF00EC2B27FE9DEEA8F86FFF0024F35CFF00B056BBFF00A2AC28037FC4DFF248750FFB153C3DFF00A512D741F1E7FE40727FD82A7FFD2DD3EB9FF137FC921D43FEC54F0F7FE944B5D07C79FF00901C9FF60A9FFF004B74FA00E7FE2E7FC95E83FEC54BEFFD27BCAF20F1DFFC943F137FD856EBFF0046B57AFF00C5CFF92BD07FD8A97DFF00A4F795E41E3BFF009287E26FFB0ADD7FE8D6A00F40B3FF00920BACFF00D82AC3FF004E97747887FE439E13FF00B27F27FE915D5167FF00241759FF00B05587FE9D2EE8F10FFC873C27FF0064FE4FFD22BAA00E7F51FF00998FFEC54D2BFF0071F5DFF89BFE490EA1FF0062A787BFF4A25AE0351FF998FF00EC54D2BFF71F5DFF0089BFE490EA1FF62A787BFF004A25A003C5BFF233FC3AFF00B1AF53FF00D392D605E7FC943D1BFECA05FF00FE8DB4ADFF0016FF00C8CFF0EBFEC6BD4FFF004E4B58179FF250F46FFB2817FF00FA36D28037FC6DFF00308FFB9BBFF6BD6045FF0024F3C05FF60AF127FE8A96B7FC6DFF00308FFB9BBFF6BD6045FF0024F3C05FF60AF127FE8A968037FE2BFF00CCE1FF006D3FF70D581E21FF00935EF09FFD8564FF00D0AEAB7FE2BFFCCE1FF6D3FF0070D581E21FF935EF09FF00D8564FFD0AEA800F10FF00C96AF09FFD8564FF00D3BDD51F0DFF00E49E6B9FF60AD77FF455851E21FF0092D5E13FFB0AC9FF00A77BAA3E1BFF00C93CD73FEC15AEFF00E8AB0A00DFF137FC921D43FEC54F0F7FE944B5D07C79FF00901C9FF60A9FFF004B74FAE7FC4DFF00248750FF00B153C3DFFA512D741F1E7FE40727FD82A7FF00D2DD3E8039FF008B9FF257A0FF00B152FBFF0049EF2BC83C77FF00250FC4DFF615BAFF00D1AD5EBFF173FE4AF41FF62A5F7FE93DE579078EFF00E4A1F89BFEC2B75FFA35A803FFD9),
('P-98695671','4256252272662','40 LEAVES NOTEBOOK','EXERCISE BOOK','N/A','Active',75,50.00,0xFFD8FFE000104A46494600010101006000600000FFDB004300080606070605080707070909080A0C140D0C0B0B0C1912130F141D1A1F1E1D1A1C1C20242E2720222C231C1C2837292C30313434341F27393D38323C2E333432FFDB0043010909090C0B0C180D0D1832211C213232323232323232323232323232323232323232323232323232323232323232323232323232323232323232323232323232FFC0001108003C007B03012200021101031101FFC4001F0000010501010101010100000000000000000102030405060708090A0BFFC400B5100002010303020403050504040000017D01020300041105122131410613516107227114328191A1082342B1C11552D1F02433627282090A161718191A25262728292A3435363738393A434445464748494A535455565758595A636465666768696A737475767778797A838485868788898A92939495969798999AA2A3A4A5A6A7A8A9AAB2B3B4B5B6B7B8B9BAC2C3C4C5C6C7C8C9CAD2D3D4D5D6D7D8D9DAE1E2E3E4E5E6E7E8E9EAF1F2F3F4F5F6F7F8F9FAFFC4001F0100030101010101010101010000000000000102030405060708090A0BFFC400B51100020102040403040705040400010277000102031104052131061241510761711322328108144291A1B1C109233352F0156272D10A162434E125F11718191A262728292A35363738393A434445464748494A535455565758595A636465666768696A737475767778797A82838485868788898A92939495969798999AA2A3A4A5A6A7A8A9AAB2B3B4B5B6B7B8B9BAC2C3C4C5C6C7C8C9CAD2D3D4D5D6D7D8D9DAE2E3E4E5E6E7E8E9EAF2F3F4F5F6F7F8F9FAFFDA000C03010002110311003F00E7ECFF00E482EB3FF60AB0FF00D3A5DD6FDEFF00CD3DFF00B963FF006F2B02CFFE482EB3FF0060AB0FFD3A5DD6FDEFFCD3DFFB963FF6F280303C3DFF0026BFE2CFFB0AC7FF00A15AD6FF008FBFE490F877FEC544FF00D28D36B03C3DFF0026BFE2CFFB0AC7FF00A15AD6FF008FBFE490F877FEC544FF00D28D36800F097FC8CFF117FEC6BD33FF004E4D47C3FF00F9A3DFF71AFF00D9A8F097FC8CFF00117FEC6BD33FF4E4D47C3FFF009A3DFF0071AFFD9A8039FF0086FF00F24F75CFFB056BBFFA2AC2BD83C25FF257BE227FDC33FF0049DABC7FE1BFFC93DD73FEC15AEFFE8AB0AF60F097FC95EF889FF70CFF00D276A00E7FC09FF1E9E19FFB0ADAFF00E9816B80F8C3FF0021BF1B7FD85748FF00D229EBBFF027FC7A7867FEC2B6BFFA605AE03E30FF00C86FC6DFF615D23FF48A7A003C43FF0025ABC27FF61593FF004EF75458FF00C813E0AFFD856E7FF4B63A3C43FF0025ABC27FF61593FF004EF75458FF00C813E0AFFD856E7FF4B63A00DFF17FFC891E3FFF00B65FFA7ABEAE83E3C7FC8124FF00B054FF00FA5BA7D73FE2FF00F9123C7FFF006CBFF4F57D5D07C78FF90249FF0060A9FF00F4B74FA00E7FE2E7FC95E83FEC54BEFF00D27BCAF20F1E7FC943F12FFD856EBFF46B57AFFC5CFF0092BD07FD8A97DFFA4F795E41E3CFF9287E25FF00B0ADD7FE8D6A00F40B3FF920BACFFD82AC3FF4E9775BF7BFF34F7FEE58FF00DBCAC0B3FF00920BACFF00D82AC3FF004E9775BF7BFF0034F7FEE58FFDBCA00C0F0F7FC9AFF8B3FEC2B1FF00E856B5BFE3EFF9243E1DFF00B1513FF4A34DAC0F0F7FC9AFF8B3FEC2B1FF00E856B5BFE3EFF9243E1DFF00B1513FF4A34DA003C25FF233FC45FF00B1AF4CFF00D39351F0FF00FE68F7FDC6BFF66A3C25FF00233FC45FFB1AF4CFFD39351F0FFF00E68F7FDC6BFF0066A00E7FE1BFFC93DD73FEC15AEFFE8AB0AF60F097FC95EF889FF70CFF00D276AF1FF86FFF0024F75CFF00B056BBFF00A2AC2BD83C25FF00257BE227FDC33FF49DA8039FF027FC7A7867FEC2B6BFFA605AE03E30FF00C86FC6DFF615D23FF48A7AEFFC09FF001E9E19FF00B0ADAFFE9816B80F8C3FF21BF1B7FD85748FFD229E800F10FF00C96AF09FFD8564FF00D3BDD5163FF204F82BFF00615B9FFD2D8E8F10FF00C96AF09FFD8564FF00D3BDD5163FF204F82BFF00615B9FFD2D8E8037FC5FFF0022478FFF00ED97FE9EAFABA0F8F1FF0020493FEC153FFE96E9F5CFF8BFFE448F1FFF00DB2FFD3D5F5741F1E3FE40927FD82A7FFD2DD3E8039FF8B9FF00257A0FFB152FBFF49EF2BC83C79FF250FC4BFF00615BAFFD1AD5EBFF00173FE4AF41FF0062A5F7FE93DE579078F3FE4A1F897FEC2B75FF00A35A803D02CFFE482EB3FF0060AB0FFD3A5DD6FDEFFCD3DFFB963FF6F2B02CFF00E482EB3FF60AB0FF00D3A5DD6FDEFF00CD3DFF00B963FF006F280303C3DFF26BFE2CFF00B0AC7FFA15AD6FF8FBFE490F877FEC544FFD28D36B03C3DFF26BFE2CFF00B0AC7FFA15AD6FF8FBFE490F877FEC544FFD28D36800F097FC8CFF00117FEC6BD33FF4E4D47C3FFF009A3DFF0071AFFD9A8F097FC8CFF117FEC6BD33FF004E4D47C3FF00F9A3DFF71AFF00D9A8039FF86FFF0024F75CFF00B056BBFF00A2AC2BD83C25FF00257BE227FDC33FF49DABC7FE1BFF00C93DD73FEC15AEFF00E8AB0AF60F097FC95EF889FF0070CFFD276A00E7FC09FF001E9E19FF00B0ADAFFE9816B80F8C3FF21BF1B7FD85748FFD229EBBFF00027FC7A7867FEC2B6BFF00A605AE03E30FFC86FC6DFF00615D23FF0048A7A003C43FF25ABC27FF0061593FF4EF75458FFC813E0AFF00D856E7FF004B63A3C43FF25ABC27FF0061593FF4EF75458FFC813E0AFF00D856E7FF004B63A00DFF0017FF00C891E3FF00FB65FF00A7ABEAE83E3C7FC8124FFB054FFF00A5BA7D73FE2FFF009123C7FF00F6CBFF004F57D5D07C78FF0090249FF60A9FFF004B74FA00E7FE2E7FC95E83FEC54BEFFD27BCAF20F1E7FC943F12FF00D856EBFF0046B57AFF00C5CFF92BD07FD8A97DFF00A4F795E41E3CFF009287E25FFB0ADD7FE8D6A00F40B3FF00920BACFF00D82AC3FF004E9775BF7BFF0034F7FEE58FFDBCAC0B3FF920BACFFD82AC3FF4E9775BF7BFF34F7FEE58FF00DBCA00C0F0F7FC9AFF008B3FEC2B1FFE856B5BFE3EFF009243E1DFFB1513FF004A34DAC0F0F7FC9AFF008B3FEC2B1FFE856B5BFE3EFF009243E1DFFB1513FF004A34DA003C25FF00233FC45FFB1AF4CFFD39351F0FFF00E68F7FDC6BFF0066A3C25FF233FC45FF00B1AF4CFF00D39351F0FF00FE68F7FDC6BFF66A00E7FE1BFF00C93DD73FEC15AEFF00E8AB0AF60F097FC95EF889FF0070CFFD276AF1FF0086FF00F24F75CFFB056BBFFA2AC2BD83C25FF257BE227FDC33FF0049DA8039FF00027FC7A7867FEC2B6BFF00A605AE03E30FFC86FC6DFF00615D23FF0048A7AEFF00C09FF1E9E19FFB0ADAFF00E9816B80F8C3FF0021BF1B7FD85748FF00D229E800F10FFC96AF09FF00D8564FFD3BDD5163FF00204F82BFF615B9FF00D2D8E8F10FFC96AF09FF00D8564FFD3BDD5163FF00204F82BFF615B9FF00D2D8E8037FC5FF00F22478FF00FED97FE9EAFABA0F8F1FF20493FEC153FF00E96E9F5CFF008BFF00E448F1FF00FDB2FF00D3D5F5741F1E3FE40927FD82A7FF00D2DD3E8039FF008B9FF257A0FF00B152FBFF0049EF2BC83C79FF00250FC4BFF615BAFF00D1AD5EBFF173FE4AF41FF62A5F7FE93DE579078F3FE4A1F897FEC2B75FFA35A803FFD9);
/*!40000 ALTER TABLE `tblproduct` ENABLE KEYS */;

-- 
-- Definition of tblsettings
-- 

DROP TABLE IF EXISTS `tblsettings`;
CREATE TABLE IF NOT EXISTS `tblsettings` (
  `name` varchar(100) NOT NULL,
  `phone` varchar(100) NOT NULL,
  `email` varchar(100) NOT NULL,
  `address` varchar(500) NOT NULL,
  `motto` varchar(100) NOT NULL
) ENGINE=InnoDB DEFAULT CHARSET=latin1;

-- 
-- Dumping data for table tblsettings
-- 

/*!40000 ALTER TABLE `tblsettings` DISABLE KEYS */;
INSERT INTO `tblsettings`(`name`,`phone`,`email`,`address`,`motto`) VALUES
('Temidayo''s Mini Mart','08090949669','afolabi8120@gmail.com','Sango Rd, Ibadan, Oyo State.','cheaper than expected');
/*!40000 ALTER TABLE `tblsettings` ENABLE KEYS */;

-- 
-- Definition of tblstockadjustment
-- 

DROP TABLE IF EXISTS `tblstockadjustment`;
CREATE TABLE IF NOT EXISTS `tblstockadjustment` (
  `code` varchar(50) NOT NULL,
  `name` varchar(50) NOT NULL,
  `description` varchar(400) NOT NULL,
  `reason` varchar(50) NOT NULL,
  `action` varchar(50) NOT NULL,
  `quantity` int(11) NOT NULL,
  `adjustedby` varchar(50) NOT NULL,
  `date` varchar(50) NOT NULL,
  `time` varchar(50) NOT NULL
) ENGINE=InnoDB DEFAULT CHARSET=latin1;

-- 
-- Dumping data for table tblstockadjustment
-- 

/*!40000 ALTER TABLE `tblstockadjustment` DISABLE KEYS */;
INSERT INTO `tblstockadjustment`(`code`,`name`,`description`,`reason`,`action`,`quantity`,`adjustedby`,`date`,`time`) VALUES
('P-98695671','40 LEAVES NOTEBOOK','N/A','we need it to be 50 in stock','ADD TO STOCK',10,'AFOLABI TEMIDAYO TIMOTHY','9/11/2021','7:35 PM'),
('P-42232199','LUX SOAP','N/A','it should be 50 in stock not 30','ADD TO STOCK',20,'AFOLABI TEMIDAYO TIMOTHY','9/11/2021','7:37 PM'),
('P-0655108','PEAK MILK REFILL','N/A','it should be 30 in stock','ADD TO STOCK',5,'AFOLABI TEMIDAYO TIMOTHY','9/11/2021','7:41 PM'),
('P-98695671','40 LEAVES NOTEBOOK','N/A','Added New Stock to the old ones','ADD TO STOCK',12,'AFOLABI TEMIDAYO TIMOTHY','9/18/2021','10:35 PM'),
('P-65948223','BLACK SOAP','N/A','Removed 5 from the 95 on the shelf, so that it wil','REMOVE FROM STOCK',5,'AFOLABI TEMIDAYO TIMOTHY','1/13/2022','9:28 PM'),
('P-98695671','40 LEAVES NOTEBOOK','N/A','removed 5 from the 95','REMOVE FROM STOCK',5,'AFOLABI TEMIDAYO TIMOTHY','1/13/2022','9:29 PM'),
('P-25252720','BAKING SODA','N/A','Test','ADD TO STOCK',8,'AFOLABI TEMIDAYO TIMOTHY','2/27/2022','8:20 PM'),
('P-98695671','40 LEAVES NOTEBOOK','N/A','Rest','ADD TO STOCK',6,'AFOLABI TEMIDAYO TIMOTHY','3/1/2022','9:03 PM');
/*!40000 ALTER TABLE `tblstockadjustment` ENABLE KEYS */;

-- 
-- Definition of tblstockhistory
-- 

DROP TABLE IF EXISTS `tblstockhistory`;
CREATE TABLE IF NOT EXISTS `tblstockhistory` (
  `referenceno` varchar(50) NOT NULL,
  `code` varchar(50) NOT NULL,
  `pname` varchar(100) NOT NULL,
  `price` decimal(10,2) NOT NULL,
  `quantity` int(11) NOT NULL,
  `total` decimal(10,2) NOT NULL,
  `supplier_name` varchar(100) NOT NULL,
  `supplier_id` varchar(50) NOT NULL,
  `receivedby` varchar(50) NOT NULL,
  `date` varchar(50) NOT NULL,
  `status` varchar(50) NOT NULL
) ENGINE=InnoDB DEFAULT CHARSET=latin1;

-- 
-- Dumping data for table tblstockhistory
-- 

/*!40000 ALTER TABLE `tblstockhistory` DISABLE KEYS */;
INSERT INTO `tblstockhistory`(`referenceno`,`code`,`pname`,`price`,`quantity`,`total`,`supplier_name`,`supplier_id`,`receivedby`,`date`,`status`) VALUES
('REF202191175252','P-59447964','COCA COLA 50CL',50.00,70,4700.00,'COCA COLA','SUP-381549','AFOLABI TEMIDAYO TIMOTHY','9/11/2021','COMPLETED'),
('REF202191175252','P-42232199','LUX SOAP',100.00,30,3000.00,'COCA COLA','SUP-381549','AFOLABI TEMIDAYO TIMOTHY','9/11/2021','COMPLETED'),
('REF202191175252','P-0655108','PEAK MILK REFILL',450.00,25,11250.00,'COCA COLA','SUP-381549','AFOLABI TEMIDAYO TIMOTHY','9/11/2021','COMPLETED'),
('REF202191175252','P-12415797','PEAK MILK TIN',200.00,30,6000.00,'COCA COLA','SUP-381549','AFOLABI TEMIDAYO TIMOTHY','9/11/2021','COMPLETED'),
('REF202191175252','P-98695671','40 LEAVES NOTEBOOK',50.00,40,2000.00,'COCA COLA','SUP-381549','AFOLABI TEMIDAYO TIMOTHY','9/11/2021','COMPLETED'),
('REF202191850453','P-65948223','BLACK SOAP',400.00,20,8000.00,'LIZZY CONCEPT','SUP-2120900','AFOLABI TEMIDAYO TIMOTHY','9/18/2021','COMPLETED'),
('REF202191850453','P-25252720','BAKING SODA',150.00,35,5250.00,'LIZZY CONCEPT','SUP-2120900','AFOLABI TEMIDAYO TIMOTHY','9/18/2021','COMPLETED'),
('REF202111221447','P-106870491','TEST PRODUCT',100.00,40,4000.00,'EMERALD VENTURES','SUP-1726021','AFOLABI TEMIDAYO TIMOTHY','11/2/2021','COMPLETED'),
('REF202211359576','P-42232199','LUX SOAP',100.00,30,3000.00,'SMILES VENTURES','SUP-0851828','AFOLABI TEMIDAYO TIMOTHY','1/13/2022','COMPLETED'),
('REF202211359576','P-35948504','PEPSI 50CL',80.00,50,4000.00,'SMILES VENTURES','SUP-0851828','AFOLABI TEMIDAYO TIMOTHY','1/13/2022','COMPLETED'),
('REF202211359576','P-98695671','40 LEAVES NOTEBOOK',40.00,50,2000.00,'SMILES VENTURES','SUP-0851828','AFOLABI TEMIDAYO TIMOTHY','1/13/2022','COMPLETED'),
('REF202211359576','P-65948223','BLACK SOAP',250.00,15,3750.00,'SMILES VENTURES','SUP-0851828','AFOLABI TEMIDAYO TIMOTHY','1/13/2022','COMPLETED'),
('REF202211359576','P-59447964','COCA COLA 50CL',50.00,60,3000.00,'SMILES VENTURES','SUP-0851828','AFOLABI TEMIDAYO TIMOTHY','1/13/2022','COMPLETED'),
('REF202211359576','P-0655108','PEAK MILK REFILL',400.00,20,8000.00,'SMILES VENTURES','SUP-0851828','AFOLABI TEMIDAYO TIMOTHY','1/13/2022','COMPLETED'),
('REF202211359576','P-12415797','PEAK MILK TIN',230.00,20,4600.00,'SMILES VENTURES','SUP-0851828','AFOLABI TEMIDAYO TIMOTHY','1/13/2022','COMPLETED'),
('REF202211359576','P-25252720','BAKING SODA',150.00,15,2250.00,'SMILES VENTURES','SUP-0851828','AFOLABI TEMIDAYO TIMOTHY','1/13/2022','COMPLETED');
/*!40000 ALTER TABLE `tblstockhistory` ENABLE KEYS */;

-- 
-- Definition of tblstockhistory_payment
-- 

DROP TABLE IF EXISTS `tblstockhistory_payment`;
CREATE TABLE IF NOT EXISTS `tblstockhistory_payment` (
  `referenceno` varchar(50) NOT NULL,
  `item_total` decimal(10,2) NOT NULL,
  `amountpaid` decimal(10,2) NOT NULL,
  `mchange` decimal(10,2) NOT NULL,
  `payment_status` varchar(50) NOT NULL,
  PRIMARY KEY (`referenceno`)
) ENGINE=InnoDB DEFAULT CHARSET=latin1;

-- 
-- Dumping data for table tblstockhistory_payment
-- 

/*!40000 ALTER TABLE `tblstockhistory_payment` DISABLE KEYS */;
INSERT INTO `tblstockhistory_payment`(`referenceno`,`item_total`,`amountpaid`,`mchange`,`payment_status`) VALUES
('REF202111221447',4000.00,4000.00,0.00,'Paid'),
('REF202191175252',26450.00,27000.00,550.00,'Paid'),
('REF202191850453',13250.00,14000.00,750.00,'Paid'),
('REF202211359576',30600.00,31000.00,400.00,'Paid');
/*!40000 ALTER TABLE `tblstockhistory_payment` ENABLE KEYS */;

-- 
-- Definition of tblsupplier
-- 

DROP TABLE IF EXISTS `tblsupplier`;
CREATE TABLE IF NOT EXISTS `tblsupplier` (
  `id` varchar(50) NOT NULL,
  `name` varchar(100) NOT NULL,
  `phone` varchar(50) NOT NULL,
  `email` varchar(100) NOT NULL,
  `address` varchar(500) NOT NULL,
  `status` varchar(20) NOT NULL,
  PRIMARY KEY (`id`)
) ENGINE=InnoDB DEFAULT CHARSET=latin1;

-- 
-- Dumping data for table tblsupplier
-- 

/*!40000 ALTER TABLE `tblsupplier` DISABLE KEYS */;
INSERT INTO `tblsupplier`(`id`,`name`,`phone`,`email`,`address`,`status`) VALUES
('SUP-0851828','SMILES VENTURES','08090949669','afolabi8120@gmail.com','N/A','Active'),
('SUP-1726021','EMERALD VENTURES','09098595885','emerald2000@gmail.com','N/A','Active'),
('SUP-2120900','LIZZY CONCEPT','08090949678','lizzy@gmail.com','N/A','Active'),
('SUP-381549','COCA COLA','07049269626','coke@gmail.com','N/A','Active');
/*!40000 ALTER TABLE `tblsupplier` ENABLE KEYS */;

-- 
-- Definition of tbluser
-- 

DROP TABLE IF EXISTS `tbluser`;
CREATE TABLE IF NOT EXISTS `tbluser` (
  `username` varchar(50) NOT NULL,
  `fullname` varchar(50) NOT NULL,
  `password` varchar(50) NOT NULL,
  `usertype` varchar(15) NOT NULL,
  `email` varchar(50) NOT NULL,
  `status` varchar(15) NOT NULL,
  PRIMARY KEY (`username`)
) ENGINE=InnoDB DEFAULT CHARSET=latin1;

-- 
-- Dumping data for table tbluser
-- 

/*!40000 ALTER TABLE `tbluser` DISABLE KEYS */;
INSERT INTO `tbluser`(`username`,`fullname`,`password`,`usertype`,`email`,`status`) VALUES
('Afolabi','Afolabi Temidayo Timothy','12345','Administrator','afolabi8120@gmail.com','Active'),
('Cashier1','Albert Faith Segun','12345','User','albert@gmail.com','Active'),
('Pelumi','Oladiti Pelumi Micheal','12345','User','m.oladiti1@gmail.com','Active'),
('Temidayo','Afolabi Olaonipekun Ayokunle','12345','User','timo@gmail.com','Active');
/*!40000 ALTER TABLE `tbluser` ENABLE KEYS */;


/*!40101 SET SQL_MODE=@OLD_SQL_MODE */;
/*!40014 SET FOREIGN_KEY_CHECKS=@OLD_FOREIGN_KEY_CHECKS */;
/*!40014 SET UNIQUE_CHECKS=@OLD_UNIQUE_CHECKS */;
/*!40101 SET CHARACTER_SET_CLIENT=@OLD_CHARACTER_SET_CLIENT */;
/*!40101 SET CHARACTER_SET_RESULTS=@OLD_CHARACTER_SET_RESULTS */;
/*!40101 SET COLLATION_CONNECTION=@OLD_COLLATION_CONNECTION */;
/*!40111 SET SQL_NOTES=@OLD_SQL_NOTES */;


-- Dump completed on 2022-08-21 11:02:53
-- Total time: 0:0:0:0:582 (d:h:m:s:ms)
